"","mturk_id","train_type","stim_type","xdist","block","V1"
"1","A10MEXRNAC2LV2","CONTROL","HD",0,0,0.125
"2","A10MEXRNAC2LV2","CONTROL","HD",0,1,-0.125
"3","A10MEXRNAC2LV2","CONTROL","HD",0,2,0.25
"4","A10MEXRNAC2LV2","CONTROL","HD",0,3,0.1
"5","A10MEXRNAC2LV2","CONTROL","HD",1,0,0.1875
"6","A10MEXRNAC2LV2","CONTROL","HD",1,1,0.375
"7","A10MEXRNAC2LV2","CONTROL","HD",1,2,0.0499999999999999
"8","A10MEXRNAC2LV2","CONTROL","HD",1,3,0.142857142857143
"9","A10MEXRNAC2LV2","CONTROL","HD",2,0,0.166666666666667
"10","A10MEXRNAC2LV2","CONTROL","HD",2,1,3.14018491736755e-16
"11","A10MEXRNAC2LV2","CONTROL","HD",2,2,3.14018491736755e-16
"12","A10MEXRNAC2LV2","CONTROL","HD",2,3,3.14018491736755e-16
"16","A11T1LGIWPM9Z1","TRAIN","LD",0,0,0.0999999999999999
"17","A11T1LGIWPM9Z1","TRAIN","LD",0,1,0.3
"18","A11T1LGIWPM9Z1","TRAIN","LD",0,2,-0.3
"19","A11T1LGIWPM9Z1","TRAIN","LD",0,3,-7.85046229341888e-17
"20","A11T1LGIWPM9Z1","TRAIN","LD",1,0,-0.0892857142857143
"21","A11T1LGIWPM9Z1","TRAIN","LD",1,1,0.0714285714285713
"22","A11T1LGIWPM9Z1","TRAIN","LD",1,2,0.114285714285714
"23","A11T1LGIWPM9Z1","TRAIN","LD",1,3,-0.166666666666667
"24","A11T1LGIWPM9Z1","TRAIN","LD",2,0,-0.6
"25","A11T1LGIWPM9Z1","TRAIN","LD",2,1,1.57009245868377e-16
"26","A11T1LGIWPM9Z1","TRAIN","LD",2,2,0.666666666666667
"27","A11T1LGIWPM9Z1","TRAIN","LD",2,3,3.14018491736755e-16
"32","A1433R46IE0LRD","TRAIN","LD",0,0,0.05
"33","A1433R46IE0LRD","TRAIN","LD",0,1,-0.4
"34","A1433R46IE0LRD","TRAIN","LD",0,2,-0.125
"35","A1433R46IE0LRD","TRAIN","LD",0,3,0.116666666666667
"36","A1433R46IE0LRD","TRAIN","LD",1,0,0.0892857142857142
"37","A1433R46IE0LRD","TRAIN","LD",1,1,-0.0446428571428572
"38","A1433R46IE0LRD","TRAIN","LD",1,2,0.0249999999999999
"39","A1433R46IE0LRD","TRAIN","LD",1,3,0.0833333333333331
"40","A1433R46IE0LRD","TRAIN","LD",2,0,-0.133333333333333
"41","A1433R46IE0LRD","TRAIN","LD",2,1,0.4
"42","A1433R46IE0LRD","TRAIN","LD",2,2,3.14018491736755e-16
"43","A1433R46IE0LRD","TRAIN","LD",2,3,0.8
"48","A14A8J5H98KLO6","TRAIN","HD",0,0,0.166666666666667
"49","A14A8J5H98KLO6","TRAIN","HD",0,1,0.166666666666667
"50","A14A8J5H98KLO6","TRAIN","HD",0,2,-0.0416666666666668
"51","A14A8J5H98KLO6","TRAIN","HD",0,3,0.214285714285714
"52","A14A8J5H98KLO6","TRAIN","HD",1,0,0.166666666666667
"53","A14A8J5H98KLO6","TRAIN","HD",1,1,0.0666666666666666
"54","A14A8J5H98KLO6","TRAIN","HD",1,2,0.125
"55","A14A8J5H98KLO6","TRAIN","HD",1,3,0.2
"56","A14A8J5H98KLO6","TRAIN","HD",2,0,3.14018491736755e-16
"57","A14A8J5H98KLO6","TRAIN","HD",2,1,3.14018491736755e-16
"58","A14A8J5H98KLO6","TRAIN","HD",2,2,3.14018491736755e-16
"59","A14A8J5H98KLO6","TRAIN","HD",2,3,3.14018491736755e-16
"63","A16Z1M75MA19BN","TRAIN","LD",0,0,0.3
"64","A16Z1M75MA19BN","TRAIN","LD",0,1,-0.175
"65","A16Z1M75MA19BN","TRAIN","LD",0,2,-0.0833333333333335
"66","A16Z1M75MA19BN","TRAIN","LD",0,3,-0.0833333333333334
"67","A16Z1M75MA19BN","TRAIN","LD",1,0,0.185714285714286
"68","A16Z1M75MA19BN","TRAIN","LD",1,1,0.214285714285714
"69","A16Z1M75MA19BN","TRAIN","LD",1,2,-0.0476190476190478
"70","A16Z1M75MA19BN","TRAIN","LD",1,3,0.25
"71","A16Z1M75MA19BN","TRAIN","LD",2,0,-0.3
"72","A16Z1M75MA19BN","TRAIN","LD",2,1,3.14018491736755e-16
"73","A16Z1M75MA19BN","TRAIN","LD",2,2,0.5
"74","A16Z1M75MA19BN","TRAIN","LD",2,3,0.5
"78","A1762YZ66AIZ9C","CONTROL","LD",0,0,0.0999999999999999
"79","A1762YZ66AIZ9C","CONTROL","LD",0,1,0.0499999999999999
"80","A1762YZ66AIZ9C","CONTROL","LD",0,2,-0.5
"81","A1762YZ66AIZ9C","CONTROL","LD",0,3,-0.5
"82","A1762YZ66AIZ9C","CONTROL","LD",1,0,-0.25
"83","A1762YZ66AIZ9C","CONTROL","LD",1,1,-0.0952380952380955
"84","A1762YZ66AIZ9C","CONTROL","LD",1,2,0.15
"85","A1762YZ66AIZ9C","CONTROL","LD",1,3,0.00793650793650783
"86","A1762YZ66AIZ9C","CONTROL","LD",2,0,0.166666666666667
"87","A1762YZ66AIZ9C","CONTROL","LD",2,1,0.5
"88","A1762YZ66AIZ9C","CONTROL","LD",2,2,0.166666666666667
"89","A1762YZ66AIZ9C","CONTROL","LD",2,3,-0.5
"94","A17IZWNYZEYOO0","CONTROL","HD",0,0,0.185714285714286
"95","A17IZWNYZEYOO0","CONTROL","HD",0,1,-0.5
"96","A17IZWNYZEYOO0","CONTROL","HD",0,2,-0.166666666666667
"97","A17IZWNYZEYOO0","CONTROL","HD",0,3,0.3
"98","A17IZWNYZEYOO0","CONTROL","HD",1,0,0.1
"99","A17IZWNYZEYOO0","CONTROL","HD",1,1,0.142857142857143
"100","A17IZWNYZEYOO0","CONTROL","HD",1,2,-0.0694444444444445
"101","A17IZWNYZEYOO0","CONTROL","HD",1,3,-0.0285714285714289
"102","A17IZWNYZEYOO0","CONTROL","HD",2,0,3.14018491736755e-16
"103","A17IZWNYZEYOO0","CONTROL","HD",2,1,3.14018491736755e-16
"104","A17IZWNYZEYOO0","CONTROL","HD",2,2,-0.285714285714286
"105","A17IZWNYZEYOO0","CONTROL","HD",2,3,3.14018491736755e-16
"109","A1926T0R2ZEXOF","CONTROL","HD",0,0,0
"110","A1926T0R2ZEXOF","CONTROL","HD",0,1,-0.0833333333333335
"111","A1926T0R2ZEXOF","CONTROL","HD",0,2,-0.5
"112","A1926T0R2ZEXOF","CONTROL","HD",0,3,0.0999999999999998
"113","A1926T0R2ZEXOF","CONTROL","HD",1,0,0.333333333333333
"114","A1926T0R2ZEXOF","CONTROL","HD",1,1,0.222222222222222
"115","A1926T0R2ZEXOF","CONTROL","HD",1,2,0.125
"116","A1926T0R2ZEXOF","CONTROL","HD",1,3,-0.125
"117","A1926T0R2ZEXOF","CONTROL","HD",2,0,0.133333333333333
"118","A1926T0R2ZEXOF","CONTROL","HD",2,1,3.14018491736755e-16
"119","A1926T0R2ZEXOF","CONTROL","HD",2,2,-0.333333333333333
"120","A1926T0R2ZEXOF","CONTROL","HD",2,3,3.14018491736755e-16
"125","A1AJG4BGSRPC93","TRAIN","LD",0,0,-0.0833333333333335
"126","A1AJG4BGSRPC93","TRAIN","LD",0,1,0.5
"127","A1AJG4BGSRPC93","TRAIN","LD",0,2,0.2
"128","A1AJG4BGSRPC93","TRAIN","LD",0,3,-0.166666666666667
"129","A1AJG4BGSRPC93","TRAIN","LD",1,0,-2.55140024536113e-16
"130","A1AJG4BGSRPC93","TRAIN","LD",1,1,-0.125
"131","A1AJG4BGSRPC93","TRAIN","LD",1,2,-4.9065389333868e-17
"132","A1AJG4BGSRPC93","TRAIN","LD",1,3,0.125
"133","A1AJG4BGSRPC93","TRAIN","LD",2,0,3.14018491736755e-16
"134","A1AJG4BGSRPC93","TRAIN","LD",2,1,0.0833333333333336
"135","A1AJG4BGSRPC93","TRAIN","LD",2,2,3.14018491736755e-16
"136","A1AJG4BGSRPC93","TRAIN","LD",2,3,-0.333333333333333
"139","A1AT09XNJBAKTC","TRAIN","LD",0,0,0.25
"140","A1AT09XNJBAKTC","TRAIN","LD",0,1,0.166666666666667
"141","A1AT09XNJBAKTC","TRAIN","LD",0,2,-9.8130778667736e-17
"142","A1AT09XNJBAKTC","TRAIN","LD",0,3,-0.25
"143","A1AT09XNJBAKTC","TRAIN","LD",1,0,0.0833333333333333
"144","A1AT09XNJBAKTC","TRAIN","LD",1,1,0.122222222222222
"145","A1AT09XNJBAKTC","TRAIN","LD",1,2,0.0833333333333333
"146","A1AT09XNJBAKTC","TRAIN","LD",1,3,-0.166666666666667
"147","A1AT09XNJBAKTC","TRAIN","LD",2,0,0.333333333333333
"148","A1AT09XNJBAKTC","TRAIN","LD",2,1,0.0833333333333336
"149","A1AT09XNJBAKTC","TRAIN","LD",2,2,0.5
"150","A1AT09XNJBAKTC","TRAIN","LD",2,3,-0.5
"154","A1C89HH916IBV6","TRAIN","LD",0,0,0.55
"155","A1C89HH916IBV6","TRAIN","LD",0,1,-0.1
"156","A1C89HH916IBV6","TRAIN","LD",0,2,0.214285714285714
"157","A1C89HH916IBV6","TRAIN","LD",0,3,0
"158","A1C89HH916IBV6","TRAIN","LD",1,0,0.214285714285714
"159","A1C89HH916IBV6","TRAIN","LD",1,1,-0.0952380952380955
"160","A1C89HH916IBV6","TRAIN","LD",1,2,-0.185714285714286
"161","A1C89HH916IBV6","TRAIN","LD",1,3,0.0833333333333333
"162","A1C89HH916IBV6","TRAIN","LD",2,0,-0.142857142857143
"163","A1C89HH916IBV6","TRAIN","LD",2,1,0.2
"164","A1C89HH916IBV6","TRAIN","LD",2,2,-0.333333333333333
"165","A1C89HH916IBV6","TRAIN","LD",2,3,-0.5
"170","A1EPKYRRR8OMKY","TRAIN","HD",0,0,-0.25
"171","A1EPKYRRR8OMKY","TRAIN","HD",0,1,0.166666666666667
"172","A1EPKYRRR8OMKY","TRAIN","HD",0,2,-0.15
"173","A1EPKYRRR8OMKY","TRAIN","HD",0,3,0.166666666666667
"174","A1EPKYRRR8OMKY","TRAIN","HD",1,0,-0.25
"175","A1EPKYRRR8OMKY","TRAIN","HD",1,1,-0.0595238095238097
"176","A1EPKYRRR8OMKY","TRAIN","HD",1,2,0.0428571428571427
"177","A1EPKYRRR8OMKY","TRAIN","HD",1,3,0.1875
"178","A1EPKYRRR8OMKY","TRAIN","HD",2,0,3.14018491736755e-16
"179","A1EPKYRRR8OMKY","TRAIN","HD",2,1,0.333333333333333
"180","A1EPKYRRR8OMKY","TRAIN","HD",2,2,3.14018491736755e-16
"181","A1EPKYRRR8OMKY","TRAIN","HD",2,3,-0.333333333333333
"185","A1F0YN2ZBPQ9VG","CONTROL","HD",0,0,-0.5
"186","A1F0YN2ZBPQ9VG","CONTROL","HD",0,1,-0.133333333333333
"187","A1F0YN2ZBPQ9VG","CONTROL","HD",0,2,0.0833333333333332
"188","A1F0YN2ZBPQ9VG","CONTROL","HD",0,3,-0.166666666666667
"189","A1F0YN2ZBPQ9VG","CONTROL","HD",1,0,0.166666666666667
"190","A1F0YN2ZBPQ9VG","CONTROL","HD",1,1,-0.0952380952380954
"191","A1F0YN2ZBPQ9VG","CONTROL","HD",1,2,-0.104166666666667
"192","A1F0YN2ZBPQ9VG","CONTROL","HD",1,3,-0.194444444444445
"193","A1F0YN2ZBPQ9VG","CONTROL","HD",2,0,0.333333333333333
"194","A1F0YN2ZBPQ9VG","CONTROL","HD",2,1,3.14018491736755e-16
"195","A1F0YN2ZBPQ9VG","CONTROL","HD",2,2,3.14018491736755e-16
"196","A1F0YN2ZBPQ9VG","CONTROL","HD",2,3,3.14018491736755e-16
"201","A1F8MOWCCVDIH2","CONTROL","HD",0,0,0
"202","A1F8MOWCCVDIH2","CONTROL","HD",0,1,0.1
"203","A1F8MOWCCVDIH2","CONTROL","HD",0,2,0.166666666666667
"204","A1F8MOWCCVDIH2","CONTROL","HD",0,3,0.6
"205","A1F8MOWCCVDIH2","CONTROL","HD",1,0,0.0624999999999998
"206","A1F8MOWCCVDIH2","CONTROL","HD",1,1,0.142857142857143
"207","A1F8MOWCCVDIH2","CONTROL","HD",1,2,0.166666666666667
"208","A1F8MOWCCVDIH2","CONTROL","HD",1,3,-2.15887713069019e-16
"209","A1F8MOWCCVDIH2","CONTROL","HD",2,0,3.14018491736755e-16
"210","A1F8MOWCCVDIH2","CONTROL","HD",2,1,0.25
"211","A1F8MOWCCVDIH2","CONTROL","HD",2,2,-0.4
"212","A1F8MOWCCVDIH2","CONTROL","HD",2,3,-0.333333333333333
"217","A1H6QHX1XSZ3F1","TRAIN","HD",0,0,-0.25
"218","A1H6QHX1XSZ3F1","TRAIN","HD",0,1,-0.25
"219","A1H6QHX1XSZ3F1","TRAIN","HD",0,2,0.2
"220","A1H6QHX1XSZ3F1","TRAIN","HD",0,3,-0.25
"221","A1H6QHX1XSZ3F1","TRAIN","HD",1,0,-0.116666666666667
"222","A1H6QHX1XSZ3F1","TRAIN","HD",1,1,0.375
"223","A1H6QHX1XSZ3F1","TRAIN","HD",1,2,-0.107142857142857
"224","A1H6QHX1XSZ3F1","TRAIN","HD",1,3,-0.0416666666666668
"225","A1H6QHX1XSZ3F1","TRAIN","HD",2,0,-0.2
"226","A1H6QHX1XSZ3F1","TRAIN","HD",2,1,-0.25
"227","A1H6QHX1XSZ3F1","TRAIN","HD",2,2,-0.333333333333333
"228","A1H6QHX1XSZ3F1","TRAIN","HD",2,3,0.15
"232","A1HI470DAXFXA5","CONTROL","HD",0,0,0.0416666666666667
"233","A1HI470DAXFXA5","CONTROL","HD",0,1,-0.0333333333333334
"234","A1HI470DAXFXA5","CONTROL","HD",0,2,-0.275
"235","A1HI470DAXFXA5","CONTROL","HD",0,3,0
"236","A1HI470DAXFXA5","CONTROL","HD",1,0,-0.0416666666666668
"237","A1HI470DAXFXA5","CONTROL","HD",1,1,-0.2
"238","A1HI470DAXFXA5","CONTROL","HD",1,2,-0.178571428571429
"239","A1HI470DAXFXA5","CONTROL","HD",1,3,-0.138888888888889
"240","A1HI470DAXFXA5","CONTROL","HD",2,0,0.25
"241","A1HI470DAXFXA5","CONTROL","HD",2,1,3.14018491736755e-16
"242","A1HI470DAXFXA5","CONTROL","HD",2,2,3.14018491736755e-16
"243","A1HI470DAXFXA5","CONTROL","HD",2,3,0.333333333333333
"247","A1HUUSCZ4I5SOP","TRAIN","LD",0,0,0.333333333333333
"248","A1HUUSCZ4I5SOP","TRAIN","LD",0,1,-0.4
"249","A1HUUSCZ4I5SOP","TRAIN","LD",0,2,0.0416666666666666
"250","A1HUUSCZ4I5SOP","TRAIN","LD",0,3,0.166666666666667
"251","A1HUUSCZ4I5SOP","TRAIN","LD",1,0,-0.0833333333333335
"252","A1HUUSCZ4I5SOP","TRAIN","LD",1,1,0.0714285714285713
"253","A1HUUSCZ4I5SOP","TRAIN","LD",1,2,0.125
"254","A1HUUSCZ4I5SOP","TRAIN","LD",1,3,0.0833333333333332
"255","A1HUUSCZ4I5SOP","TRAIN","LD",2,0,0.2
"256","A1HUUSCZ4I5SOP","TRAIN","LD",2,1,3.14018491736755e-16
"257","A1HUUSCZ4I5SOP","TRAIN","LD",2,2,3.14018491736755e-16
"258","A1HUUSCZ4I5SOP","TRAIN","LD",2,3,3.14018491736755e-16
"262","A1I3GKMTLYW75S","CONTROL","LD",0,0,0.0499999999999999
"263","A1I3GKMTLYW75S","CONTROL","LD",0,1,-0.333333333333334
"264","A1I3GKMTLYW75S","CONTROL","LD",0,2,-0.4
"265","A1I3GKMTLYW75S","CONTROL","LD",0,3,0.125
"266","A1I3GKMTLYW75S","CONTROL","LD",1,0,0.0833333333333333
"267","A1I3GKMTLYW75S","CONTROL","LD",1,1,-0.263888888888889
"268","A1I3GKMTLYW75S","CONTROL","LD",1,2,0.142857142857143
"269","A1I3GKMTLYW75S","CONTROL","LD",1,3,-1.17756934401283e-16
"270","A1I3GKMTLYW75S","CONTROL","LD",2,0,-1
"271","A1I3GKMTLYW75S","CONTROL","LD",2,1,NA
"272","A1I3GKMTLYW75S","CONTROL","LD",2,2,0.657142857142857
"273","A1I3GKMTLYW75S","CONTROL","LD",2,3,-1
"276","A1JCFCPGEYT1L4","TRAIN","HD",0,0,0.142857142857143
"277","A1JCFCPGEYT1L4","TRAIN","HD",0,1,0.5
"278","A1JCFCPGEYT1L4","TRAIN","HD",0,2,-0.0499999999999999
"279","A1JCFCPGEYT1L4","TRAIN","HD",0,3,0.208333333333333
"280","A1JCFCPGEYT1L4","TRAIN","HD",1,0,0.133333333333333
"281","A1JCFCPGEYT1L4","TRAIN","HD",1,1,-0.1875
"282","A1JCFCPGEYT1L4","TRAIN","HD",1,2,0.0892857142857142
"283","A1JCFCPGEYT1L4","TRAIN","HD",1,3,0.0222222222222221
"284","A1JCFCPGEYT1L4","TRAIN","HD",2,0,0.107142857142857
"285","A1JCFCPGEYT1L4","TRAIN","HD",2,1,3.14018491736755e-16
"286","A1JCFCPGEYT1L4","TRAIN","HD",2,2,-0.0499999999999999
"287","A1JCFCPGEYT1L4","TRAIN","HD",2,3,-0.3
"292","A1LOUTL89EK5NW","TRAIN","LD",0,0,-0.0833333333333334
"293","A1LOUTL89EK5NW","TRAIN","LD",0,1,-0.15
"294","A1LOUTL89EK5NW","TRAIN","LD",0,2,0.166666666666667
"295","A1LOUTL89EK5NW","TRAIN","LD",0,3,0
"296","A1LOUTL89EK5NW","TRAIN","LD",1,0,0.166666666666667
"297","A1LOUTL89EK5NW","TRAIN","LD",1,1,0.285714285714286
"298","A1LOUTL89EK5NW","TRAIN","LD",1,2,-0.0833333333333335
"299","A1LOUTL89EK5NW","TRAIN","LD",1,3,0.166666666666667
"300","A1LOUTL89EK5NW","TRAIN","LD",2,0,3.14018491736755e-16
"301","A1LOUTL89EK5NW","TRAIN","LD",2,1,-0.25
"302","A1LOUTL89EK5NW","TRAIN","LD",2,2,-0.0833333333333333
"303","A1LOUTL89EK5NW","TRAIN","LD",2,3,0.333333333333333
"308","A1MZC8D6JFJQMB","TRAIN","HD",0,0,-0.5
"309","A1MZC8D6JFJQMB","TRAIN","HD",0,1,-0.0250000000000002
"310","A1MZC8D6JFJQMB","TRAIN","HD",0,2,0.333333333333333
"311","A1MZC8D6JFJQMB","TRAIN","HD",0,3,0.333333333333333
"312","A1MZC8D6JFJQMB","TRAIN","HD",1,0,0.116666666666667
"313","A1MZC8D6JFJQMB","TRAIN","HD",1,1,-0.0952380952380954
"314","A1MZC8D6JFJQMB","TRAIN","HD",1,2,-0.0222222222222224
"315","A1MZC8D6JFJQMB","TRAIN","HD",1,3,-0.0555555555555557
"316","A1MZC8D6JFJQMB","TRAIN","HD",2,0,-0.3
"317","A1MZC8D6JFJQMB","TRAIN","HD",2,1,0.5
"318","A1MZC8D6JFJQMB","TRAIN","HD",2,2,-0.0666666666666667
"319","A1MZC8D6JFJQMB","TRAIN","HD",2,3,-0.666666666666667
"324","A1PNOIIYIW9NYA","TRAIN","LD",0,0,0.3
"325","A1PNOIIYIW9NYA","TRAIN","LD",0,1,-0.166666666666667
"326","A1PNOIIYIW9NYA","TRAIN","LD",0,2,-0.166666666666667
"327","A1PNOIIYIW9NYA","TRAIN","LD",0,3,-0.375
"328","A1PNOIIYIW9NYA","TRAIN","LD",1,0,-0.107142857142857
"329","A1PNOIIYIW9NYA","TRAIN","LD",1,1,-0.216666666666667
"330","A1PNOIIYIW9NYA","TRAIN","LD",1,2,-0.166666666666667
"331","A1PNOIIYIW9NYA","TRAIN","LD",1,3,0.0357142857142856
"332","A1PNOIIYIW9NYA","TRAIN","LD",2,0,-0.0666666666666667
"333","A1PNOIIYIW9NYA","TRAIN","LD",2,1,3.14018491736755e-16
"334","A1PNOIIYIW9NYA","TRAIN","LD",2,2,0
"335","A1PNOIIYIW9NYA","TRAIN","LD",2,3,0.4
"339","A1UWEUI98JOBRI","TRAIN","HD",0,0,0.2
"340","A1UWEUI98JOBRI","TRAIN","HD",0,1,0.5
"341","A1UWEUI98JOBRI","TRAIN","HD",0,2,0.4
"342","A1UWEUI98JOBRI","TRAIN","HD",0,3,-0.0333333333333336
"343","A1UWEUI98JOBRI","TRAIN","HD",1,0,0.0142857142857141
"344","A1UWEUI98JOBRI","TRAIN","HD",1,1,0.233333333333333
"345","A1UWEUI98JOBRI","TRAIN","HD",1,2,0.142857142857143
"346","A1UWEUI98JOBRI","TRAIN","HD",1,3,-0.111111111111111
"347","A1UWEUI98JOBRI","TRAIN","HD",2,0,-0.4
"348","A1UWEUI98JOBRI","TRAIN","HD",2,1,0.166666666666667
"349","A1UWEUI98JOBRI","TRAIN","HD",2,2,-0.166666666666667
"350","A1UWEUI98JOBRI","TRAIN","HD",2,3,3.14018491736755e-16
"355","A1X57P8J15QI2X","TRAIN","HD",0,0,0.3
"356","A1X57P8J15QI2X","TRAIN","HD",0,1,0.2
"357","A1X57P8J15QI2X","TRAIN","HD",0,2,-0.357142857142858
"358","A1X57P8J15QI2X","TRAIN","HD",0,3,-0.166666666666667
"359","A1X57P8J15QI2X","TRAIN","HD",1,0,0.057142857142857
"360","A1X57P8J15QI2X","TRAIN","HD",1,1,0.273809523809524
"361","A1X57P8J15QI2X","TRAIN","HD",1,2,0.25
"362","A1X57P8J15QI2X","TRAIN","HD",1,3,0.0571428571428571
"363","A1X57P8J15QI2X","TRAIN","HD",2,0,0.166666666666667
"364","A1X57P8J15QI2X","TRAIN","HD",2,1,-0.5
"365","A1X57P8J15QI2X","TRAIN","HD",2,2,0.5
"366","A1X57P8J15QI2X","TRAIN","HD",2,3,0
"369","A1X728BI75IWZV","CONTROL","HD",0,0,0.2
"370","A1X728BI75IWZV","CONTROL","HD",0,1,0.1875
"371","A1X728BI75IWZV","CONTROL","HD",0,2,0.142857142857143
"372","A1X728BI75IWZV","CONTROL","HD",0,3,-0.5
"373","A1X728BI75IWZV","CONTROL","HD",1,0,-0.0714285714285716
"374","A1X728BI75IWZV","CONTROL","HD",1,1,0.125
"375","A1X728BI75IWZV","CONTROL","HD",1,2,-1.17756934401283e-16
"376","A1X728BI75IWZV","CONTROL","HD",1,3,-0.0535714285714287
"377","A1X728BI75IWZV","CONTROL","HD",2,0,0.2
"378","A1X728BI75IWZV","CONTROL","HD",2,1,-0.333333333333333
"379","A1X728BI75IWZV","CONTROL","HD",2,2,0.166666666666667
"380","A1X728BI75IWZV","CONTROL","HD",2,3,-0.15
"385","A1XQMAG7JQ285G","CONTROL","HD",0,0,0.333333333333333
"386","A1XQMAG7JQ285G","CONTROL","HD",0,1,0
"387","A1XQMAG7JQ285G","CONTROL","HD",0,2,0.125
"388","A1XQMAG7JQ285G","CONTROL","HD",0,3,0.375
"389","A1XQMAG7JQ285G","CONTROL","HD",1,0,-0.0333333333333334
"390","A1XQMAG7JQ285G","CONTROL","HD",1,1,0.25
"391","A1XQMAG7JQ285G","CONTROL","HD",1,2,-0.1125
"392","A1XQMAG7JQ285G","CONTROL","HD",1,3,0.1875
"393","A1XQMAG7JQ285G","CONTROL","HD",2,0,0.25
"394","A1XQMAG7JQ285G","CONTROL","HD",2,1,-0.0499999999999999
"395","A1XQMAG7JQ285G","CONTROL","HD",2,2,-0.5
"396","A1XQMAG7JQ285G","CONTROL","HD",2,3,0.333333333333333
"401","A1YINK9J7YOQYX","CONTROL","LD",0,0,-0.333333333333334
"402","A1YINK9J7YOQYX","CONTROL","LD",0,1,0.0833333333333332
"403","A1YINK9J7YOQYX","CONTROL","LD",0,2,-0.0833333333333333
"404","A1YINK9J7YOQYX","CONTROL","LD",0,3,0
"405","A1YINK9J7YOQYX","CONTROL","LD",1,0,0.0555555555555555
"406","A1YINK9J7YOQYX","CONTROL","LD",1,1,-0.188888888888889
"407","A1YINK9J7YOQYX","CONTROL","LD",1,2,0.0833333333333333
"408","A1YINK9J7YOQYX","CONTROL","LD",1,3,0.1875
"409","A1YINK9J7YOQYX","CONTROL","LD",2,0,-0.25
"410","A1YINK9J7YOQYX","CONTROL","LD",2,1,0
"411","A1YINK9J7YOQYX","CONTROL","LD",2,2,-0.666666666666667
"412","A1YINK9J7YOQYX","CONTROL","LD",2,3,-0.4
"417","A1ZJ2FQTML0ZO8","TRAIN","LD",0,0,0.25
"418","A1ZJ2FQTML0ZO8","TRAIN","LD",0,1,-0.0833333333333333
"419","A1ZJ2FQTML0ZO8","TRAIN","LD",0,2,-0.0833333333333335
"420","A1ZJ2FQTML0ZO8","TRAIN","LD",0,3,0.333333333333333
"421","A1ZJ2FQTML0ZO8","TRAIN","LD",1,0,-0.1875
"422","A1ZJ2FQTML0ZO8","TRAIN","LD",1,1,-0.0595238095238096
"423","A1ZJ2FQTML0ZO8","TRAIN","LD",1,2,0.0666666666666665
"424","A1ZJ2FQTML0ZO8","TRAIN","LD",1,3,0.104166666666667
"425","A1ZJ2FQTML0ZO8","TRAIN","LD",2,0,3.14018491736755e-16
"426","A1ZJ2FQTML0ZO8","TRAIN","LD",2,1,-0.666666666666667
"427","A1ZJ2FQTML0ZO8","TRAIN","LD",2,2,-0.25
"428","A1ZJ2FQTML0ZO8","TRAIN","LD",2,3,-0.5
"432","A22JGOL6W0YDSX","CONTROL","LD",0,0,0.125
"433","A22JGOL6W0YDSX","CONTROL","LD",0,1,0.416666666666667
"434","A22JGOL6W0YDSX","CONTROL","LD",0,2,0.375
"435","A22JGOL6W0YDSX","CONTROL","LD",0,3,0.125
"436","A22JGOL6W0YDSX","CONTROL","LD",1,0,-0.125
"437","A22JGOL6W0YDSX","CONTROL","LD",1,1,-0.25
"438","A22JGOL6W0YDSX","CONTROL","LD",1,2,-0.0178571428571428
"439","A22JGOL6W0YDSX","CONTROL","LD",1,3,-0.0208333333333335
"440","A22JGOL6W0YDSX","CONTROL","LD",2,0,-0.2
"441","A22JGOL6W0YDSX","CONTROL","LD",2,1,3.14018491736755e-16
"442","A22JGOL6W0YDSX","CONTROL","LD",2,2,3.14018491736755e-16
"443","A22JGOL6W0YDSX","CONTROL","LD",2,3,3.14018491736755e-16
"448","A22LA9VJV5KNKF","TRAIN","HD",0,0,0.375
"449","A22LA9VJV5KNKF","TRAIN","HD",0,1,0.357142857142857
"450","A22LA9VJV5KNKF","TRAIN","HD",0,2,0.125
"451","A22LA9VJV5KNKF","TRAIN","HD",0,3,0.233333333333333
"452","A22LA9VJV5KNKF","TRAIN","HD",1,0,0.1875
"453","A22LA9VJV5KNKF","TRAIN","HD",1,1,0.2
"454","A22LA9VJV5KNKF","TRAIN","HD",1,2,0.0249999999999999
"455","A22LA9VJV5KNKF","TRAIN","HD",1,3,-0.142857142857143
"456","A22LA9VJV5KNKF","TRAIN","HD",2,0,3.14018491736755e-16
"457","A22LA9VJV5KNKF","TRAIN","HD",2,1,0
"458","A22LA9VJV5KNKF","TRAIN","HD",2,2,3.14018491736755e-16
"459","A22LA9VJV5KNKF","TRAIN","HD",2,3,3.14018491736755e-16
"463","A243WFHSDFVAON","TRAIN","HD",0,0,-0.166666666666667
"464","A243WFHSDFVAON","TRAIN","HD",0,1,-0.25
"465","A243WFHSDFVAON","TRAIN","HD",0,2,-0.6
"466","A243WFHSDFVAON","TRAIN","HD",0,3,0.0999999999999998
"467","A243WFHSDFVAON","TRAIN","HD",1,0,0.0555555555555554
"468","A243WFHSDFVAON","TRAIN","HD",1,1,-0.0972222222222223
"469","A243WFHSDFVAON","TRAIN","HD",1,2,0.214285714285714
"470","A243WFHSDFVAON","TRAIN","HD",1,3,0.0714285714285713
"471","A243WFHSDFVAON","TRAIN","HD",2,0,0.333333333333333
"472","A243WFHSDFVAON","TRAIN","HD",2,1,-0.166666666666667
"473","A243WFHSDFVAON","TRAIN","HD",2,2,3.14018491736755e-16
"474","A243WFHSDFVAON","TRAIN","HD",2,3,3.14018491736755e-16
"479","A260EJW55KFZX7","TRAIN","HD",0,0,0.15
"480","A260EJW55KFZX7","TRAIN","HD",0,1,0.1
"481","A260EJW55KFZX7","TRAIN","HD",0,2,0.333333333333333
"482","A260EJW55KFZX7","TRAIN","HD",0,3,0.3
"483","A260EJW55KFZX7","TRAIN","HD",1,0,-0.357142857142857
"484","A260EJW55KFZX7","TRAIN","HD",1,1,-0.0357142857142858
"485","A260EJW55KFZX7","TRAIN","HD",1,2,0.222222222222222
"486","A260EJW55KFZX7","TRAIN","HD",1,3,0.214285714285714
"487","A260EJW55KFZX7","TRAIN","HD",2,0,0.25
"488","A260EJW55KFZX7","TRAIN","HD",2,1,0.25
"489","A260EJW55KFZX7","TRAIN","HD",2,2,3.14018491736755e-16
"490","A260EJW55KFZX7","TRAIN","HD",2,3,3.14018491736755e-16
"494","A26EDNC5NDIJ3E","TRAIN","HD",0,0,0.125
"495","A26EDNC5NDIJ3E","TRAIN","HD",0,1,-0.0333333333333334
"496","A26EDNC5NDIJ3E","TRAIN","HD",0,2,-0.25
"497","A26EDNC5NDIJ3E","TRAIN","HD",0,3,0.0238095238095238
"498","A26EDNC5NDIJ3E","TRAIN","HD",1,0,-3.92523114670944e-17
"499","A26EDNC5NDIJ3E","TRAIN","HD",1,1,-0.107142857142857
"500","A26EDNC5NDIJ3E","TRAIN","HD",1,2,0.15
"501","A26EDNC5NDIJ3E","TRAIN","HD",1,3,-0.4
"502","A26EDNC5NDIJ3E","TRAIN","HD",2,0,0.416666666666667
"503","A26EDNC5NDIJ3E","TRAIN","HD",2,1,0.166666666666667
"504","A26EDNC5NDIJ3E","TRAIN","HD",2,2,0.433333333333333
"505","A26EDNC5NDIJ3E","TRAIN","HD",2,3,-0.5
"510","A271E2WZS50YZM","CONTROL","HD",0,0,0.0999999999999999
"511","A271E2WZS50YZM","CONTROL","HD",0,1,0.375
"512","A271E2WZS50YZM","CONTROL","HD",0,2,0.0357142857142856
"513","A271E2WZS50YZM","CONTROL","HD",0,3,0.333333333333333
"514","A271E2WZS50YZM","CONTROL","HD",1,0,0.285714285714286
"515","A271E2WZS50YZM","CONTROL","HD",1,1,0.125
"516","A271E2WZS50YZM","CONTROL","HD",1,2,0.4
"517","A271E2WZS50YZM","CONTROL","HD",1,3,0.111111111111111
"518","A271E2WZS50YZM","CONTROL","HD",2,0,0.5
"519","A271E2WZS50YZM","CONTROL","HD",2,1,0.25
"520","A271E2WZS50YZM","CONTROL","HD",2,2,-0.0333333333333332
"521","A271E2WZS50YZM","CONTROL","HD",2,3,-0.2
"524","A29CE4QKM0WNCL","TRAIN","HD",0,0,0.333333333333333
"525","A29CE4QKM0WNCL","TRAIN","HD",0,1,1
"526","A29CE4QKM0WNCL","TRAIN","HD",0,2,-0.1875
"527","A29CE4QKM0WNCL","TRAIN","HD",0,3,-0.125
"528","A29CE4QKM0WNCL","TRAIN","HD",1,0,0.0555555555555555
"529","A29CE4QKM0WNCL","TRAIN","HD",1,1,0.225
"530","A29CE4QKM0WNCL","TRAIN","HD",1,2,-0.0750000000000001
"531","A29CE4QKM0WNCL","TRAIN","HD",1,3,-0.125
"532","A29CE4QKM0WNCL","TRAIN","HD",2,0,-0.125
"533","A29CE4QKM0WNCL","TRAIN","HD",2,1,1.57009245868377e-16
"534","A29CE4QKM0WNCL","TRAIN","HD",2,2,0.0833333333333336
"535","A29CE4QKM0WNCL","TRAIN","HD",2,3,-0.333333333333333
"539","A29VDPSSZF14XZ","CONTROL","HD",0,0,0.857142857142857
"540","A29VDPSSZF14XZ","CONTROL","HD",0,1,0.333333333333333
"541","A29VDPSSZF14XZ","CONTROL","HD",0,2,0
"542","A29VDPSSZF14XZ","CONTROL","HD",0,3,0.125
"543","A29VDPSSZF14XZ","CONTROL","HD",1,0,-0.0250000000000002
"544","A29VDPSSZF14XZ","CONTROL","HD",1,1,-1.17756934401283e-16
"545","A29VDPSSZF14XZ","CONTROL","HD",1,2,-0.1
"546","A29VDPSSZF14XZ","CONTROL","HD",1,3,0.1875
"547","A29VDPSSZF14XZ","CONTROL","HD",2,0,3.14018491736755e-16
"548","A29VDPSSZF14XZ","CONTROL","HD",2,1,3.14018491736755e-16
"549","A29VDPSSZF14XZ","CONTROL","HD",2,2,0.166666666666667
"550","A29VDPSSZF14XZ","CONTROL","HD",2,3,-0.0666666666666667
"555","A2F79GFUWU5O96","CONTROL","LD",0,0,-0.4
"556","A2F79GFUWU5O96","CONTROL","LD",0,1,0.375
"557","A2F79GFUWU5O96","CONTROL","LD",0,2,-0.4
"558","A2F79GFUWU5O96","CONTROL","LD",0,3,-0.25
"559","A2F79GFUWU5O96","CONTROL","LD",1,0,0.130952380952381
"560","A2F79GFUWU5O96","CONTROL","LD",1,1,-0.0500000000000001
"561","A2F79GFUWU5O96","CONTROL","LD",1,2,-0.042857142857143
"562","A2F79GFUWU5O96","CONTROL","LD",1,3,-0.0500000000000001
"563","A2F79GFUWU5O96","CONTROL","LD",2,0,-0.5
"564","A2F79GFUWU5O96","CONTROL","LD",2,1,0.25
"565","A2F79GFUWU5O96","CONTROL","LD",2,2,0.333333333333333
"566","A2F79GFUWU5O96","CONTROL","LD",2,3,0.333333333333333
"571","A2FHGTHU8UTP2X","CONTROL","HD",0,0,0.25
"572","A2FHGTHU8UTP2X","CONTROL","HD",0,1,0.0666666666666667
"573","A2FHGTHU8UTP2X","CONTROL","HD",0,2,0.178571428571429
"574","A2FHGTHU8UTP2X","CONTROL","HD",0,3,-0.233333333333334
"575","A2FHGTHU8UTP2X","CONTROL","HD",1,0,-0.216666666666667
"576","A2FHGTHU8UTP2X","CONTROL","HD",1,1,-0.0119047619047619
"577","A2FHGTHU8UTP2X","CONTROL","HD",1,2,0.133333333333333
"578","A2FHGTHU8UTP2X","CONTROL","HD",1,3,-0.1
"579","A2FHGTHU8UTP2X","CONTROL","HD",2,0,0.5
"580","A2FHGTHU8UTP2X","CONTROL","HD",2,1,-0.75
"581","A2FHGTHU8UTP2X","CONTROL","HD",2,2,0.166666666666667
"582","A2FHGTHU8UTP2X","CONTROL","HD",2,3,-0.333333333333333
"587","A2H45V728GQPVQ","TRAIN","LD",0,0,-1.96261557335472e-16
"588","A2H45V728GQPVQ","TRAIN","LD",0,1,-0.666666666666666
"589","A2H45V728GQPVQ","TRAIN","LD",0,2,0.25
"590","A2H45V728GQPVQ","TRAIN","LD",0,3,-7.85046229341888e-17
"591","A2H45V728GQPVQ","TRAIN","LD",1,0,0.166666666666667
"592","A2H45V728GQPVQ","TRAIN","LD",1,1,0.0833333333333333
"593","A2H45V728GQPVQ","TRAIN","LD",1,2,0.0416666666666666
"594","A2H45V728GQPVQ","TRAIN","LD",1,3,0.160714285714286
"595","A2H45V728GQPVQ","TRAIN","LD",2,0,-0.2
"596","A2H45V728GQPVQ","TRAIN","LD",2,1,-0.166666666666667
"597","A2H45V728GQPVQ","TRAIN","LD",2,2,3.14018491736755e-16
"598","A2H45V728GQPVQ","TRAIN","LD",2,3,-0.5
"601","A2I7S2991CE4XO","CONTROL","HD",0,0,-0.208333333333334
"602","A2I7S2991CE4XO","CONTROL","HD",0,1,0.333333333333333
"603","A2I7S2991CE4XO","CONTROL","HD",0,2,0.175
"604","A2I7S2991CE4XO","CONTROL","HD",0,3,0
"605","A2I7S2991CE4XO","CONTROL","HD",1,0,-0.1
"606","A2I7S2991CE4XO","CONTROL","HD",1,1,-0.144444444444445
"607","A2I7S2991CE4XO","CONTROL","HD",1,2,0.0714285714285713
"608","A2I7S2991CE4XO","CONTROL","HD",1,3,0.0555555555555554
"609","A2I7S2991CE4XO","CONTROL","HD",2,0,0.333333333333333
"610","A2I7S2991CE4XO","CONTROL","HD",2,1,3.14018491736755e-16
"611","A2I7S2991CE4XO","CONTROL","HD",2,2,3.14018491736755e-16
"612","A2I7S2991CE4XO","CONTROL","HD",2,3,-0.25
"616","A2I9PUZT19ZBO8","CONTROL","LD",0,0,-0.25
"617","A2I9PUZT19ZBO8","CONTROL","LD",0,1,-0.0666666666666667
"618","A2I9PUZT19ZBO8","CONTROL","LD",0,2,-0.5
"619","A2I9PUZT19ZBO8","CONTROL","LD",0,3,0.05
"620","A2I9PUZT19ZBO8","CONTROL","LD",1,0,0.0833333333333332
"621","A2I9PUZT19ZBO8","CONTROL","LD",1,1,-0.428571428571429
"622","A2I9PUZT19ZBO8","CONTROL","LD",1,2,0.0454545454545453
"623","A2I9PUZT19ZBO8","CONTROL","LD",1,3,-0.178571428571429
"624","A2I9PUZT19ZBO8","CONTROL","LD",2,0,0.333333333333333
"625","A2I9PUZT19ZBO8","CONTROL","LD",2,1,-0.142857142857143
"626","A2I9PUZT19ZBO8","CONTROL","LD",2,2,-0.166666666666667
"627","A2I9PUZT19ZBO8","CONTROL","LD",2,3,0.35
"631","A2IGLJGPDP2EWF","CONTROL","HD",0,0,0.166666666666667
"632","A2IGLJGPDP2EWF","CONTROL","HD",0,1,0.25
"633","A2IGLJGPDP2EWF","CONTROL","HD",0,2,-0.166666666666667
"634","A2IGLJGPDP2EWF","CONTROL","HD",0,3,-0.0333333333333333
"635","A2IGLJGPDP2EWF","CONTROL","HD",1,0,0.277777777777778
"636","A2IGLJGPDP2EWF","CONTROL","HD",1,1,0.0833333333333332
"637","A2IGLJGPDP2EWF","CONTROL","HD",1,2,-0.076388888888889
"638","A2IGLJGPDP2EWF","CONTROL","HD",1,3,-0.1
"639","A2IGLJGPDP2EWF","CONTROL","HD",2,0,3.14018491736755e-16
"640","A2IGLJGPDP2EWF","CONTROL","HD",2,1,-0.166666666666667
"641","A2IGLJGPDP2EWF","CONTROL","HD",2,2,-0.0833333333333333
"642","A2IGLJGPDP2EWF","CONTROL","HD",2,3,-0.0833333333333333
"645","A2LJ3Z8LJESI7Z","CONTROL","HD",0,0,0.125
"646","A2LJ3Z8LJESI7Z","CONTROL","HD",0,1,0.5
"647","A2LJ3Z8LJESI7Z","CONTROL","HD",0,2,-1.57009245868378e-16
"648","A2LJ3Z8LJESI7Z","CONTROL","HD",0,3,-0.0833333333333333
"649","A2LJ3Z8LJESI7Z","CONTROL","HD",1,0,-0.0625000000000002
"650","A2LJ3Z8LJESI7Z","CONTROL","HD",1,1,-0.111111111111111
"651","A2LJ3Z8LJESI7Z","CONTROL","HD",1,2,0.1875
"652","A2LJ3Z8LJESI7Z","CONTROL","HD",1,3,0.125
"653","A2LJ3Z8LJESI7Z","CONTROL","HD",2,0,-0.333333333333333
"654","A2LJ3Z8LJESI7Z","CONTROL","HD",2,1,3.14018491736755e-16
"655","A2LJ3Z8LJESI7Z","CONTROL","HD",2,2,-0.25
"656","A2LJ3Z8LJESI7Z","CONTROL","HD",2,3,0.35
"661","A2NA2OJT15COZY","CONTROL","HD",0,0,0.166666666666667
"662","A2NA2OJT15COZY","CONTROL","HD",0,1,-1.96261557335472e-16
"663","A2NA2OJT15COZY","CONTROL","HD",0,2,0.125
"664","A2NA2OJT15COZY","CONTROL","HD",0,3,0.125
"665","A2NA2OJT15COZY","CONTROL","HD",1,0,0.111111111111111
"666","A2NA2OJT15COZY","CONTROL","HD",1,1,-0.104166666666667
"667","A2NA2OJT15COZY","CONTROL","HD",1,2,0.0416666666666665
"668","A2NA2OJT15COZY","CONTROL","HD",1,3,0.104166666666667
"669","A2NA2OJT15COZY","CONTROL","HD",2,0,-0.0499999999999999
"670","A2NA2OJT15COZY","CONTROL","HD",2,1,3.14018491736755e-16
"671","A2NA2OJT15COZY","CONTROL","HD",2,2,-0.333333333333333
"672","A2NA2OJT15COZY","CONTROL","HD",2,3,0.5
"677","A2NAABOSB0CQT5","CONTROL","LD",0,0,0.333333333333333
"678","A2NAABOSB0CQT5","CONTROL","LD",0,1,0.166666666666667
"679","A2NAABOSB0CQT5","CONTROL","LD",0,2,0.0833333333333332
"680","A2NAABOSB0CQT5","CONTROL","LD",0,3,-0.0833333333333334
"681","A2NAABOSB0CQT5","CONTROL","LD",1,0,0.25
"682","A2NAABOSB0CQT5","CONTROL","LD",1,1,-0.0777777777777778
"683","A2NAABOSB0CQT5","CONTROL","LD",1,2,-0.013888888888889
"684","A2NAABOSB0CQT5","CONTROL","LD",1,3,0.0833333333333332
"685","A2NAABOSB0CQT5","CONTROL","LD",2,0,3.14018491736755e-16
"686","A2NAABOSB0CQT5","CONTROL","LD",2,1,-0.166666666666667
"687","A2NAABOSB0CQT5","CONTROL","LD",2,2,-0.25
"688","A2NAABOSB0CQT5","CONTROL","LD",2,3,0.25
"693","A2O12H2JML1UYP","TRAIN","HD",0,0,-0.214285714285715
"694","A2O12H2JML1UYP","TRAIN","HD",0,1,0.125
"695","A2O12H2JML1UYP","TRAIN","HD",0,2,0.125
"696","A2O12H2JML1UYP","TRAIN","HD",0,3,0.3
"697","A2O12H2JML1UYP","TRAIN","HD",1,0,0.0285714285714283
"698","A2O12H2JML1UYP","TRAIN","HD",1,1,0.0624999999999999
"699","A2O12H2JML1UYP","TRAIN","HD",1,2,0.0625
"700","A2O12H2JML1UYP","TRAIN","HD",1,3,0.0892857142857142
"701","A2O12H2JML1UYP","TRAIN","HD",2,0,3.14018491736755e-16
"702","A2O12H2JML1UYP","TRAIN","HD",2,1,0.333333333333333
"703","A2O12H2JML1UYP","TRAIN","HD",2,2,-0.166666666666667
"704","A2O12H2JML1UYP","TRAIN","HD",2,3,-0.2
"709","A2OJ5XOEKTKRR9","CONTROL","LD",0,0,-1.96261557335472e-16
"710","A2OJ5XOEKTKRR9","CONTROL","LD",0,1,-0.208333333333333
"711","A2OJ5XOEKTKRR9","CONTROL","LD",0,2,-0.5
"712","A2OJ5XOEKTKRR9","CONTROL","LD",0,3,0.142857142857143
"713","A2OJ5XOEKTKRR9","CONTROL","LD",1,0,0.0499999999999999
"714","A2OJ5XOEKTKRR9","CONTROL","LD",1,1,-0.0625000000000001
"715","A2OJ5XOEKTKRR9","CONTROL","LD",1,2,0.0833333333333332
"716","A2OJ5XOEKTKRR9","CONTROL","LD",1,3,0.1
"717","A2OJ5XOEKTKRR9","CONTROL","LD",2,0,-0.666666666666667
"718","A2OJ5XOEKTKRR9","CONTROL","LD",2,1,0.333333333333333
"719","A2OJ5XOEKTKRR9","CONTROL","LD",2,2,-0.666666666666667
"720","A2OJ5XOEKTKRR9","CONTROL","LD",2,3,0.25
"725","A2P0T88FJMZXUM","TRAIN","LD",0,0,-0.4
"726","A2P0T88FJMZXUM","TRAIN","LD",0,1,0
"727","A2P0T88FJMZXUM","TRAIN","LD",0,2,-0.375
"728","A2P0T88FJMZXUM","TRAIN","LD",0,3,-0.375
"729","A2P0T88FJMZXUM","TRAIN","LD",1,0,-0.023809523809524
"730","A2P0T88FJMZXUM","TRAIN","LD",1,1,0.05
"731","A2P0T88FJMZXUM","TRAIN","LD",1,2,-0.0375000000000002
"732","A2P0T88FJMZXUM","TRAIN","LD",1,3,0.4375
"733","A2P0T88FJMZXUM","TRAIN","LD",2,0,-0.333333333333333
"734","A2P0T88FJMZXUM","TRAIN","LD",2,1,NA
"735","A2P0T88FJMZXUM","TRAIN","LD",2,2,-0.333333333333333
"736","A2P0T88FJMZXUM","TRAIN","LD",2,3,-0.2
"739","A2PYM8RT72JOE8","TRAIN","LD",0,0,-0.375
"740","A2PYM8RT72JOE8","TRAIN","LD",0,1,-0.375
"741","A2PYM8RT72JOE8","TRAIN","LD",0,2,0.666666666666667
"742","A2PYM8RT72JOE8","TRAIN","LD",0,3,-1.96261557335472e-16
"743","A2PYM8RT72JOE8","TRAIN","LD",1,0,-0.145833333333334
"744","A2PYM8RT72JOE8","TRAIN","LD",1,1,0.1875
"745","A2PYM8RT72JOE8","TRAIN","LD",1,2,0.111111111111111
"746","A2PYM8RT72JOE8","TRAIN","LD",1,3,0.0208333333333331
"747","A2PYM8RT72JOE8","TRAIN","LD",2,0,3.14018491736755e-16
"748","A2PYM8RT72JOE8","TRAIN","LD",2,1,0.25
"749","A2PYM8RT72JOE8","TRAIN","LD",2,2,-0.2
"750","A2PYM8RT72JOE8","TRAIN","LD",2,3,-0.166666666666667
"755","A2SNCG0K167C0J","TRAIN","LD",0,0,0.125
"756","A2SNCG0K167C0J","TRAIN","LD",0,1,-9.8130778667736e-17
"757","A2SNCG0K167C0J","TRAIN","LD",0,2,0.266666666666667
"758","A2SNCG0K167C0J","TRAIN","LD",0,3,-9.8130778667736e-17
"759","A2SNCG0K167C0J","TRAIN","LD",1,0,0.145833333333333
"760","A2SNCG0K167C0J","TRAIN","LD",1,1,-7.85046229341888e-17
"761","A2SNCG0K167C0J","TRAIN","LD",1,2,0.0357142857142856
"762","A2SNCG0K167C0J","TRAIN","LD",1,3,-0.244444444444445
"763","A2SNCG0K167C0J","TRAIN","LD",2,0,0.0833333333333336
"764","A2SNCG0K167C0J","TRAIN","LD",2,1,-0.4
"765","A2SNCG0K167C0J","TRAIN","LD",2,2,0.666666666666667
"766","A2SNCG0K167C0J","TRAIN","LD",2,3,0
"771","A2SYRFPPV9WDEG","CONTROL","LD",0,0,0
"772","A2SYRFPPV9WDEG","CONTROL","LD",0,1,-0.25
"773","A2SYRFPPV9WDEG","CONTROL","LD",0,2,0.0357142857142856
"774","A2SYRFPPV9WDEG","CONTROL","LD",0,3,NA
"775","A2SYRFPPV9WDEG","CONTROL","LD",1,0,0.15
"776","A2SYRFPPV9WDEG","CONTROL","LD",1,1,-0.15
"777","A2SYRFPPV9WDEG","CONTROL","LD",1,2,0.2
"778","A2SYRFPPV9WDEG","CONTROL","LD",1,3,-0.0972222222222223
"779","A2SYRFPPV9WDEG","CONTROL","LD",2,0,3.14018491736755e-16
"780","A2SYRFPPV9WDEG","CONTROL","LD",2,1,0.333333333333333
"781","A2SYRFPPV9WDEG","CONTROL","LD",2,2,-0.75
"782","A2SYRFPPV9WDEG","CONTROL","LD",2,3,-0.6
"787","A2U7HWYD5KOBKW","CONTROL","HD",0,0,0.333333333333333
"788","A2U7HWYD5KOBKW","CONTROL","HD",0,1,0.4
"789","A2U7HWYD5KOBKW","CONTROL","HD",0,2,-0.333333333333334
"790","A2U7HWYD5KOBKW","CONTROL","HD",0,3,0.0714285714285715
"791","A2U7HWYD5KOBKW","CONTROL","HD",1,0,0.0833333333333332
"792","A2U7HWYD5KOBKW","CONTROL","HD",1,1,-0.107142857142857
"793","A2U7HWYD5KOBKW","CONTROL","HD",1,2,-0.013888888888889
"794","A2U7HWYD5KOBKW","CONTROL","HD",1,3,-1.0794385653451e-16
"795","A2U7HWYD5KOBKW","CONTROL","HD",2,0,3.14018491736755e-16
"796","A2U7HWYD5KOBKW","CONTROL","HD",2,1,0.25
"797","A2U7HWYD5KOBKW","CONTROL","HD",2,2,0
"798","A2U7HWYD5KOBKW","CONTROL","HD",2,3,-0.166666666666667
"803","A2V1IB3LHMWL25","TRAIN","LD",0,0,0.25
"804","A2V1IB3LHMWL25","TRAIN","LD",0,1,0.5
"805","A2V1IB3LHMWL25","TRAIN","LD",0,2,-0.3
"806","A2V1IB3LHMWL25","TRAIN","LD",0,3,-1.57009245868378e-16
"807","A2V1IB3LHMWL25","TRAIN","LD",1,0,-0.0125000000000001
"808","A2V1IB3LHMWL25","TRAIN","LD",1,1,-0.111111111111111
"809","A2V1IB3LHMWL25","TRAIN","LD",1,2,0.328571428571429
"810","A2V1IB3LHMWL25","TRAIN","LD",1,3,-0.119047619047619
"811","A2V1IB3LHMWL25","TRAIN","LD",2,0,0.25
"812","A2V1IB3LHMWL25","TRAIN","LD",2,1,-0.25
"813","A2V1IB3LHMWL25","TRAIN","LD",2,2,1.57009245868377e-16
"814","A2V1IB3LHMWL25","TRAIN","LD",2,3,0.0666666666666667
"819","A2VIW5KZRTWTFU","CONTROL","LD",0,0,0.0999999999999999
"820","A2VIW5KZRTWTFU","CONTROL","LD",0,1,0.1875
"821","A2VIW5KZRTWTFU","CONTROL","LD",0,2,-0.0500000000000001
"822","A2VIW5KZRTWTFU","CONTROL","LD",0,3,0.0333333333333332
"823","A2VIW5KZRTWTFU","CONTROL","LD",1,0,-0.0714285714285715
"824","A2VIW5KZRTWTFU","CONTROL","LD",1,1,0.166666666666667
"825","A2VIW5KZRTWTFU","CONTROL","LD",1,2,0.19047619047619
"826","A2VIW5KZRTWTFU","CONTROL","LD",1,3,-0.119047619047619
"827","A2VIW5KZRTWTFU","CONTROL","LD",2,0,-0.4
"828","A2VIW5KZRTWTFU","CONTROL","LD",2,1,3.14018491736755e-16
"829","A2VIW5KZRTWTFU","CONTROL","LD",2,2,0.25
"830","A2VIW5KZRTWTFU","CONTROL","LD",2,3,-0.0833333333333333
"833","A2VJD87928AG0O","CONTROL","LD",0,0,-0.375
"834","A2VJD87928AG0O","CONTROL","LD",0,1,0.3
"835","A2VJD87928AG0O","CONTROL","LD",0,2,0.4
"836","A2VJD87928AG0O","CONTROL","LD",0,3,0.0833333333333334
"837","A2VJD87928AG0O","CONTROL","LD",1,0,0.166666666666667
"838","A2VJD87928AG0O","CONTROL","LD",1,1,-0.157142857142857
"839","A2VJD87928AG0O","CONTROL","LD",1,2,0.142857142857143
"840","A2VJD87928AG0O","CONTROL","LD",1,3,-9.61481343191782e-17
"841","A2VJD87928AG0O","CONTROL","LD",2,0,NA
"842","A2VJD87928AG0O","CONTROL","LD",2,1,3.14018491736755e-16
"843","A2VJD87928AG0O","CONTROL","LD",2,2,3.14018491736755e-16
"844","A2VJD87928AG0O","CONTROL","LD",2,3,NA
"849","A2VM135NT6CLH","TRAIN","LD",0,0,-0.4
"850","A2VM135NT6CLH","TRAIN","LD",0,1,-0.25
"851","A2VM135NT6CLH","TRAIN","LD",0,2,-0.0833333333333334
"852","A2VM135NT6CLH","TRAIN","LD",0,3,0.1
"853","A2VM135NT6CLH","TRAIN","LD",1,0,0.19047619047619
"854","A2VM135NT6CLH","TRAIN","LD",1,1,-0.25
"855","A2VM135NT6CLH","TRAIN","LD",1,2,0.3125
"856","A2VM135NT6CLH","TRAIN","LD",1,3,-0.0357142857142858
"857","A2VM135NT6CLH","TRAIN","LD",2,0,-0.5
"858","A2VM135NT6CLH","TRAIN","LD",2,1,-0.2
"859","A2VM135NT6CLH","TRAIN","LD",2,2,0.416666666666667
"860","A2VM135NT6CLH","TRAIN","LD",2,3,0.2
"865","A2WLGVXAVT2XTR","CONTROL","LD",0,0,-0.238095238095238
"866","A2WLGVXAVT2XTR","CONTROL","LD",0,1,-0.2
"867","A2WLGVXAVT2XTR","CONTROL","LD",0,2,-0.285714285714286
"868","A2WLGVXAVT2XTR","CONTROL","LD",0,3,0.375
"869","A2WLGVXAVT2XTR","CONTROL","LD",1,0,0.0333333333333332
"870","A2WLGVXAVT2XTR","CONTROL","LD",1,1,0.0428571428571427
"871","A2WLGVXAVT2XTR","CONTROL","LD",1,2,-0.042857142857143
"872","A2WLGVXAVT2XTR","CONTROL","LD",1,3,-0.0892857142857144
"873","A2WLGVXAVT2XTR","CONTROL","LD",2,0,-0.25
"874","A2WLGVXAVT2XTR","CONTROL","LD",2,1,3.14018491736755e-16
"875","A2WLGVXAVT2XTR","CONTROL","LD",2,2,1
"876","A2WLGVXAVT2XTR","CONTROL","LD",2,3,3.14018491736755e-16
"880","A2XH1XHGHM1HKQ","CONTROL","HD",0,0,0.1
"881","A2XH1XHGHM1HKQ","CONTROL","HD",0,1,-0.125
"882","A2XH1XHGHM1HKQ","CONTROL","HD",0,2,0.0999999999999999
"883","A2XH1XHGHM1HKQ","CONTROL","HD",0,3,-0.4
"884","A2XH1XHGHM1HKQ","CONTROL","HD",1,0,0.114285714285714
"885","A2XH1XHGHM1HKQ","CONTROL","HD",1,1,0.0625
"886","A2XH1XHGHM1HKQ","CONTROL","HD",1,2,0.0714285714285713
"887","A2XH1XHGHM1HKQ","CONTROL","HD",1,3,0.0595238095238094
"888","A2XH1XHGHM1HKQ","CONTROL","HD",2,0,0.125
"889","A2XH1XHGHM1HKQ","CONTROL","HD",2,1,0.0333333333333334
"890","A2XH1XHGHM1HKQ","CONTROL","HD",2,2,3.14018491736755e-16
"891","A2XH1XHGHM1HKQ","CONTROL","HD",2,3,3.14018491736755e-16
"895","A386PZHLP17890","TRAIN","HD",0,0,-0.0833333333333334
"896","A386PZHLP17890","TRAIN","HD",0,1,0.0999999999999999
"897","A386PZHLP17890","TRAIN","HD",0,2,-0.166666666666667
"898","A386PZHLP17890","TRAIN","HD",0,3,-0.0500000000000001
"899","A386PZHLP17890","TRAIN","HD",1,0,0.166666666666666
"900","A386PZHLP17890","TRAIN","HD",1,1,-0.0142857142857143
"901","A386PZHLP17890","TRAIN","HD",1,2,0.0277777777777777
"902","A386PZHLP17890","TRAIN","HD",1,3,0.142857142857143
"903","A386PZHLP17890","TRAIN","HD",2,0,-0.25
"904","A386PZHLP17890","TRAIN","HD",2,1,0.5
"905","A386PZHLP17890","TRAIN","HD",2,2,0.142857142857143
"906","A386PZHLP17890","TRAIN","HD",2,3,3.14018491736755e-16
"911","A3IA77UHAVA83X","CONTROL","LD",0,0,-0.375
"912","A3IA77UHAVA83X","CONTROL","LD",0,1,0.166666666666667
"913","A3IA77UHAVA83X","CONTROL","LD",0,2,0.166666666666667
"914","A3IA77UHAVA83X","CONTROL","LD",0,3,-0.0119047619047621
"915","A3IA77UHAVA83X","CONTROL","LD",1,0,0.125
"916","A3IA77UHAVA83X","CONTROL","LD",1,1,-1.17756934401283e-16
"917","A3IA77UHAVA83X","CONTROL","LD",1,2,-0.0416666666666669
"918","A3IA77UHAVA83X","CONTROL","LD",1,3,-0.0250000000000001
"919","A3IA77UHAVA83X","CONTROL","LD",2,0,3.14018491736755e-16
"920","A3IA77UHAVA83X","CONTROL","LD",2,1,0.5
"921","A3IA77UHAVA83X","CONTROL","LD",2,2,0.2
"922","A3IA77UHAVA83X","CONTROL","LD",2,3,3.14018491736755e-16
"925","A3IBDA9FHUP2MM","CONTROL","LD",0,0,-0.0499999999999999
"926","A3IBDA9FHUP2MM","CONTROL","LD",0,1,-0.333333333333333
"927","A3IBDA9FHUP2MM","CONTROL","LD",0,2,0.375
"928","A3IBDA9FHUP2MM","CONTROL","LD",0,3,0.15
"929","A3IBDA9FHUP2MM","CONTROL","LD",1,0,-0.107142857142857
"930","A3IBDA9FHUP2MM","CONTROL","LD",1,1,0.333333333333333
"931","A3IBDA9FHUP2MM","CONTROL","LD",1,2,-0.0833333333333335
"932","A3IBDA9FHUP2MM","CONTROL","LD",1,3,0.0857142857142856
"933","A3IBDA9FHUP2MM","CONTROL","LD",2,0,-0.1
"934","A3IBDA9FHUP2MM","CONTROL","LD",2,1,0.133333333333333
"935","A3IBDA9FHUP2MM","CONTROL","LD",2,2,0.666666666666667
"936","A3IBDA9FHUP2MM","CONTROL","LD",2,3,3.14018491736755e-16
"941","A3IKEV2XRSMJV5","TRAIN","HD",0,0,-0.25
"942","A3IKEV2XRSMJV5","TRAIN","HD",0,1,0
"943","A3IKEV2XRSMJV5","TRAIN","HD",0,2,0.166666666666667
"944","A3IKEV2XRSMJV5","TRAIN","HD",0,3,0.15
"945","A3IKEV2XRSMJV5","TRAIN","HD",1,0,-0.0375000000000001
"946","A3IKEV2XRSMJV5","TRAIN","HD",1,1,-9.8130778667736e-17
"947","A3IKEV2XRSMJV5","TRAIN","HD",1,2,0.111111111111111
"948","A3IKEV2XRSMJV5","TRAIN","HD",1,3,-1.3738309013483e-16
"949","A3IKEV2XRSMJV5","TRAIN","HD",2,0,3.14018491736755e-16
"950","A3IKEV2XRSMJV5","TRAIN","HD",2,1,3.14018491736755e-16
"951","A3IKEV2XRSMJV5","TRAIN","HD",2,2,3.14018491736755e-16
"952","A3IKEV2XRSMJV5","TRAIN","HD",2,3,3.14018491736755e-16
"956","A3JIWNQV86CNOB","CONTROL","LD",0,0,0.25
"957","A3JIWNQV86CNOB","CONTROL","LD",0,1,0.166666666666667
"958","A3JIWNQV86CNOB","CONTROL","LD",0,2,-0.25
"959","A3JIWNQV86CNOB","CONTROL","LD",0,3,-0.266666666666667
"960","A3JIWNQV86CNOB","CONTROL","LD",1,0,0.1875
"961","A3JIWNQV86CNOB","CONTROL","LD",1,1,-0.0277777777777779
"962","A3JIWNQV86CNOB","CONTROL","LD",1,2,-0.125
"963","A3JIWNQV86CNOB","CONTROL","LD",1,3,0.357142857142857
"964","A3JIWNQV86CNOB","CONTROL","LD",2,0,0.333333333333333
"965","A3JIWNQV86CNOB","CONTROL","LD",2,1,0.5
"966","A3JIWNQV86CNOB","CONTROL","LD",2,2,-0.3
"967","A3JIWNQV86CNOB","CONTROL","LD",2,3,-0.466666666666667
"972","A3KEC9CE406TM0","CONTROL","HD",0,0,-0.4
"973","A3KEC9CE406TM0","CONTROL","HD",0,1,0.333333333333333
"974","A3KEC9CE406TM0","CONTROL","HD",0,2,0.125
"975","A3KEC9CE406TM0","CONTROL","HD",0,3,0.2
"976","A3KEC9CE406TM0","CONTROL","HD",1,0,0.142857142857143
"977","A3KEC9CE406TM0","CONTROL","HD",1,1,0.333333333333333
"978","A3KEC9CE406TM0","CONTROL","HD",1,2,0.25
"979","A3KEC9CE406TM0","CONTROL","HD",1,3,0.142857142857143
"980","A3KEC9CE406TM0","CONTROL","HD",2,0,-0.2
"981","A3KEC9CE406TM0","CONTROL","HD",2,1,3.14018491736755e-16
"982","A3KEC9CE406TM0","CONTROL","HD",2,2,3.14018491736755e-16
"983","A3KEC9CE406TM0","CONTROL","HD",2,3,3.14018491736755e-16
"986","A3KGAKDXR3A150","TRAIN","HD",0,0,-0.0357142857142858
"987","A3KGAKDXR3A150","TRAIN","HD",0,1,0.333333333333333
"988","A3KGAKDXR3A150","TRAIN","HD",0,2,-0.666666666666666
"989","A3KGAKDXR3A150","TRAIN","HD",0,3,-0.25
"990","A3KGAKDXR3A150","TRAIN","HD",1,0,0.116666666666667
"991","A3KGAKDXR3A150","TRAIN","HD",1,1,0.111111111111111
"992","A3KGAKDXR3A150","TRAIN","HD",1,2,0.0277777777777776
"993","A3KGAKDXR3A150","TRAIN","HD",1,3,0.0625000000000001
"994","A3KGAKDXR3A150","TRAIN","HD",2,0,0.333333333333333
"995","A3KGAKDXR3A150","TRAIN","HD",2,1,0.333333333333333
"996","A3KGAKDXR3A150","TRAIN","HD",2,2,0.25
"997","A3KGAKDXR3A150","TRAIN","HD",2,3,0.5
"1002","A3KHJM0DTCJXZB","TRAIN","LD",0,0,-0.3
"1003","A3KHJM0DTCJXZB","TRAIN","LD",0,1,0.75
"1004","A3KHJM0DTCJXZB","TRAIN","LD",0,2,-0.4
"1005","A3KHJM0DTCJXZB","TRAIN","LD",0,3,0.333333333333333
"1006","A3KHJM0DTCJXZB","TRAIN","LD",1,0,-0.0476190476190477
"1007","A3KHJM0DTCJXZB","TRAIN","LD",1,1,-0.0416666666666669
"1008","A3KHJM0DTCJXZB","TRAIN","LD",1,2,-0.357142857142857
"1009","A3KHJM0DTCJXZB","TRAIN","LD",1,3,-0.305555555555556
"1010","A3KHJM0DTCJXZB","TRAIN","LD",2,0,-0.0857142857142856
"1011","A3KHJM0DTCJXZB","TRAIN","LD",2,1,0.114285714285714
"1012","A3KHJM0DTCJXZB","TRAIN","LD",2,2,-0.666666666666667
"1013","A3KHJM0DTCJXZB","TRAIN","LD",2,3,-0.0666666666666667
"1018","A3L2VS3998R77L","CONTROL","HD",0,0,-0.3
"1019","A3L2VS3998R77L","CONTROL","HD",0,1,0
"1020","A3L2VS3998R77L","CONTROL","HD",0,2,-0.6
"1021","A3L2VS3998R77L","CONTROL","HD",0,3,-0.333333333333334
"1022","A3L2VS3998R77L","CONTROL","HD",1,0,-0.232142857142857
"1023","A3L2VS3998R77L","CONTROL","HD",1,1,-0.193181818181818
"1024","A3L2VS3998R77L","CONTROL","HD",1,2,0.0714285714285714
"1025","A3L2VS3998R77L","CONTROL","HD",1,3,-0.166666666666667
"1026","A3L2VS3998R77L","CONTROL","HD",2,0,-0.257142857142857
"1027","A3L2VS3998R77L","CONTROL","HD",2,1,0.190476190476191
"1028","A3L2VS3998R77L","CONTROL","HD",2,2,3.14018491736755e-16
"1029","A3L2VS3998R77L","CONTROL","HD",2,3,0.333333333333333
"1032","A3MAIZOMVSHFZR","TRAIN","LD",0,0,-0.125
"1033","A3MAIZOMVSHFZR","TRAIN","LD",0,1,-0.2
"1034","A3MAIZOMVSHFZR","TRAIN","LD",0,2,-0.166666666666667
"1035","A3MAIZOMVSHFZR","TRAIN","LD",0,3,-0.4
"1036","A3MAIZOMVSHFZR","TRAIN","LD",1,0,0.145833333333333
"1037","A3MAIZOMVSHFZR","TRAIN","LD",1,1,-0.0571428571428572
"1038","A3MAIZOMVSHFZR","TRAIN","LD",1,2,0.166666666666667
"1039","A3MAIZOMVSHFZR","TRAIN","LD",1,3,0.0892857142857143
"1040","A3MAIZOMVSHFZR","TRAIN","LD",2,0,3.14018491736755e-16
"1041","A3MAIZOMVSHFZR","TRAIN","LD",2,1,-0.4
"1042","A3MAIZOMVSHFZR","TRAIN","LD",2,2,0.25
"1043","A3MAIZOMVSHFZR","TRAIN","LD",2,3,-0.166666666666667
"1047","A3QOOITS2LIP8Z","TRAIN","LD",0,0,0.233333333333333
"1048","A3QOOITS2LIP8Z","TRAIN","LD",0,1,0.125
"1049","A3QOOITS2LIP8Z","TRAIN","LD",0,2,0.0333333333333333
"1050","A3QOOITS2LIP8Z","TRAIN","LD",0,3,-0.375
"1051","A3QOOITS2LIP8Z","TRAIN","LD",1,0,0.285714285714286
"1052","A3QOOITS2LIP8Z","TRAIN","LD",1,1,0.25
"1053","A3QOOITS2LIP8Z","TRAIN","LD",1,2,0.285714285714286
"1054","A3QOOITS2LIP8Z","TRAIN","LD",1,3,-0.175
"1055","A3QOOITS2LIP8Z","TRAIN","LD",2,0,3.14018491736755e-16
"1056","A3QOOITS2LIP8Z","TRAIN","LD",2,1,0.25
"1057","A3QOOITS2LIP8Z","TRAIN","LD",2,2,3.14018491736755e-16
"1058","A3QOOITS2LIP8Z","TRAIN","LD",2,3,-0.25
"1063","A3QUKU6WASIITG","CONTROL","HD",0,0,-0.25
"1064","A3QUKU6WASIITG","CONTROL","HD",0,1,-0.166666666666667
"1065","A3QUKU6WASIITG","CONTROL","HD",0,2,0.333333333333333
"1066","A3QUKU6WASIITG","CONTROL","HD",0,3,-0.0499999999999999
"1067","A3QUKU6WASIITG","CONTROL","HD",1,0,0.152777777777778
"1068","A3QUKU6WASIITG","CONTROL","HD",1,1,-0.270833333333333
"1069","A3QUKU6WASIITG","CONTROL","HD",1,2,-0.25
"1070","A3QUKU6WASIITG","CONTROL","HD",1,3,0.0714285714285713
"1071","A3QUKU6WASIITG","CONTROL","HD",2,0,0.2
"1072","A3QUKU6WASIITG","CONTROL","HD",2,1,3.14018491736755e-16
"1073","A3QUKU6WASIITG","CONTROL","HD",2,2,3.14018491736755e-16
"1074","A3QUKU6WASIITG","CONTROL","HD",2,3,-0.166666666666667
"1079","A3RMGSB08WMHYB","TRAIN","HD",0,0,-0.25
"1080","A3RMGSB08WMHYB","TRAIN","HD",0,1,0.0833333333333334
"1081","A3RMGSB08WMHYB","TRAIN","HD",0,2,-7.85046229341888e-17
"1082","A3RMGSB08WMHYB","TRAIN","HD",0,3,0.3
"1083","A3RMGSB08WMHYB","TRAIN","HD",1,0,0.0625
"1084","A3RMGSB08WMHYB","TRAIN","HD",1,1,0.0833333333333332
"1085","A3RMGSB08WMHYB","TRAIN","HD",1,2,0.125
"1086","A3RMGSB08WMHYB","TRAIN","HD",1,3,0.0714285714285713
"1087","A3RMGSB08WMHYB","TRAIN","HD",2,0,3.14018491736755e-16
"1088","A3RMGSB08WMHYB","TRAIN","HD",2,1,3.14018491736755e-16
"1089","A3RMGSB08WMHYB","TRAIN","HD",2,2,0.333333333333333
"1090","A3RMGSB08WMHYB","TRAIN","HD",2,3,3.14018491736755e-16
"1095","A3TJ1XJ1FW8VKT","TRAIN","LD",0,0,0.25
"1096","A3TJ1XJ1FW8VKT","TRAIN","LD",0,1,-0.333333333333333
"1097","A3TJ1XJ1FW8VKT","TRAIN","LD",0,2,-0.208333333333333
"1098","A3TJ1XJ1FW8VKT","TRAIN","LD",0,3,-0.8
"1099","A3TJ1XJ1FW8VKT","TRAIN","LD",1,0,-0.1875
"1100","A3TJ1XJ1FW8VKT","TRAIN","LD",1,1,-0.0500000000000001
"1101","A3TJ1XJ1FW8VKT","TRAIN","LD",1,2,-0.0833333333333335
"1102","A3TJ1XJ1FW8VKT","TRAIN","LD",1,3,-0.0952380952380955
"1103","A3TJ1XJ1FW8VKT","TRAIN","LD",2,0,0.25
"1104","A3TJ1XJ1FW8VKT","TRAIN","LD",2,1,3.14018491736755e-16
"1105","A3TJ1XJ1FW8VKT","TRAIN","LD",2,2,3.14018491736755e-16
"1106","A3TJ1XJ1FW8VKT","TRAIN","LD",2,3,-0.0857142857142856
"1111","A3V0D7BRUQEYO2","CONTROL","LD",0,0,0
"1112","A3V0D7BRUQEYO2","CONTROL","LD",0,1,-0.25
"1113","A3V0D7BRUQEYO2","CONTROL","LD",0,2,-0.0416666666666667
"1114","A3V0D7BRUQEYO2","CONTROL","LD",0,3,-0.375
"1115","A3V0D7BRUQEYO2","CONTROL","LD",1,0,-0.111111111111111
"1116","A3V0D7BRUQEYO2","CONTROL","LD",1,1,0.125
"1117","A3V0D7BRUQEYO2","CONTROL","LD",1,2,0.0208333333333331
"1118","A3V0D7BRUQEYO2","CONTROL","LD",1,3,0.0624999999999998
"1119","A3V0D7BRUQEYO2","CONTROL","LD",2,0,3.14018491736755e-16
"1120","A3V0D7BRUQEYO2","CONTROL","LD",2,1,0.2
"1121","A3V0D7BRUQEYO2","CONTROL","LD",2,2,-0.2
"1122","A3V0D7BRUQEYO2","CONTROL","LD",2,3,0.333333333333333
"1126","A3VP27UUQ34OXK","CONTROL","HD",0,0,0.0833333333333334
"1127","A3VP27UUQ34OXK","CONTROL","HD",0,1,0.25
"1128","A3VP27UUQ34OXK","CONTROL","HD",0,2,-1.57009245868378e-16
"1129","A3VP27UUQ34OXK","CONTROL","HD",0,3,3.14018491736755e-16
"1130","A3VP27UUQ34OXK","CONTROL","HD",1,0,0.166666666666666
"1131","A3VP27UUQ34OXK","CONTROL","HD",1,1,0.15
"1132","A3VP27UUQ34OXK","CONTROL","HD",1,2,0.1875
"1133","A3VP27UUQ34OXK","CONTROL","HD",1,3,-0.00892857142857156
"1134","A3VP27UUQ34OXK","CONTROL","HD",2,0,-0.142857142857143
"1135","A3VP27UUQ34OXK","CONTROL","HD",2,1,-0.142857142857143
"1136","A3VP27UUQ34OXK","CONTROL","HD",2,2,-0.142857142857143
"1137","A3VP27UUQ34OXK","CONTROL","HD",2,3,3.14018491736755e-16
"1139","A44NRKPZABPBT","CONTROL","LD",0,0,0.0749999999999999
"1140","A44NRKPZABPBT","CONTROL","LD",0,1,-0.25
"1141","A44NRKPZABPBT","CONTROL","LD",0,2,0.5
"1142","A44NRKPZABPBT","CONTROL","LD",0,3,0.0416666666666667
"1143","A44NRKPZABPBT","CONTROL","LD",1,0,-0.208333333333333
"1144","A44NRKPZABPBT","CONTROL","LD",1,1,-0.125
"1145","A44NRKPZABPBT","CONTROL","LD",1,2,-0.1125
"1146","A44NRKPZABPBT","CONTROL","LD",1,3,-0.175
"1147","A44NRKPZABPBT","CONTROL","LD",2,0,0.25
"1148","A44NRKPZABPBT","CONTROL","LD",2,1,0.4
"1149","A44NRKPZABPBT","CONTROL","LD",2,2,-0.4
"1150","A44NRKPZABPBT","CONTROL","LD",2,3,0.0666666666666667
"1154","A4E6WPQHB3DRX","TRAIN","LD",0,0,-0.25
"1155","A4E6WPQHB3DRX","TRAIN","LD",0,1,0.285714285714286
"1156","A4E6WPQHB3DRX","TRAIN","LD",0,2,0.333333333333333
"1157","A4E6WPQHB3DRX","TRAIN","LD",0,3,-7.85046229341888e-17
"1158","A4E6WPQHB3DRX","TRAIN","LD",1,0,-0.0500000000000001
"1159","A4E6WPQHB3DRX","TRAIN","LD",1,1,-0.0250000000000002
"1160","A4E6WPQHB3DRX","TRAIN","LD",1,2,-0.0333333333333334
"1161","A4E6WPQHB3DRX","TRAIN","LD",1,3,0.0222222222222221
"1162","A4E6WPQHB3DRX","TRAIN","LD",2,0,0.166666666666667
"1163","A4E6WPQHB3DRX","TRAIN","LD",2,1,1
"1164","A4E6WPQHB3DRX","TRAIN","LD",2,2,3.14018491736755e-16
"1165","A4E6WPQHB3DRX","TRAIN","LD",2,3,0.333333333333333
"1169","A4PMD2O8IA52C","CONTROL","LD",0,0,-0.5
"1170","A4PMD2O8IA52C","CONTROL","LD",0,1,-0.15
"1171","A4PMD2O8IA52C","CONTROL","LD",0,2,0.3
"1172","A4PMD2O8IA52C","CONTROL","LD",0,3,0.0416666666666666
"1173","A4PMD2O8IA52C","CONTROL","LD",1,0,0.166666666666667
"1174","A4PMD2O8IA52C","CONTROL","LD",1,1,-0.107142857142857
"1175","A4PMD2O8IA52C","CONTROL","LD",1,2,0.1875
"1176","A4PMD2O8IA52C","CONTROL","LD",1,3,-0.0125000000000001
"1177","A4PMD2O8IA52C","CONTROL","LD",2,0,0.133333333333333
"1178","A4PMD2O8IA52C","CONTROL","LD",2,1,-0.5
"1179","A4PMD2O8IA52C","CONTROL","LD",2,2,-0.25
"1180","A4PMD2O8IA52C","CONTROL","LD",2,3,-0.214285714285714
"1185","A5AKPVLM8I0WB","TRAIN","HD",0,0,-0.4
"1186","A5AKPVLM8I0WB","TRAIN","HD",0,1,-3.92523114670944e-17
"1187","A5AKPVLM8I0WB","TRAIN","HD",0,2,-0.125
"1188","A5AKPVLM8I0WB","TRAIN","HD",0,3,-0.166666666666667
"1189","A5AKPVLM8I0WB","TRAIN","HD",1,0,-0.107142857142857
"1190","A5AKPVLM8I0WB","TRAIN","HD",1,1,0.0999999999999999
"1191","A5AKPVLM8I0WB","TRAIN","HD",1,2,0.125
"1192","A5AKPVLM8I0WB","TRAIN","HD",1,3,0.0666666666666666
"1193","A5AKPVLM8I0WB","TRAIN","HD",2,0,3.14018491736755e-16
"1194","A5AKPVLM8I0WB","TRAIN","HD",2,1,3.14018491736755e-16
"1195","A5AKPVLM8I0WB","TRAIN","HD",2,2,3.14018491736755e-16
"1196","A5AKPVLM8I0WB","TRAIN","HD",2,3,3.14018491736755e-16
"1200","A669K8QT6PVVF","CONTROL","HD",0,0,-1.57009245868378e-16
"1201","A669K8QT6PVVF","CONTROL","HD",0,1,-0.125
"1202","A669K8QT6PVVF","CONTROL","HD",0,2,-1.57009245868378e-16
"1203","A669K8QT6PVVF","CONTROL","HD",0,3,0.375
"1204","A669K8QT6PVVF","CONTROL","HD",1,0,-0.0833333333333335
"1205","A669K8QT6PVVF","CONTROL","HD",1,1,0.0624999999999998
"1206","A669K8QT6PVVF","CONTROL","HD",1,2,0.025
"1207","A669K8QT6PVVF","CONTROL","HD",1,3,0.1875
"1208","A669K8QT6PVVF","CONTROL","HD",2,0,-0.2
"1209","A669K8QT6PVVF","CONTROL","HD",2,1,0.333333333333333
"1210","A669K8QT6PVVF","CONTROL","HD",2,2,-0.5
"1211","A669K8QT6PVVF","CONTROL","HD",2,3,3.14018491736755e-16
"1215","A6C4QNQZ1QTUG","CONTROL","LD",0,0,0.5
"1216","A6C4QNQZ1QTUG","CONTROL","LD",0,1,-0.25
"1217","A6C4QNQZ1QTUG","CONTROL","LD",0,2,0.25
"1218","A6C4QNQZ1QTUG","CONTROL","LD",0,3,0
"1219","A6C4QNQZ1QTUG","CONTROL","LD",1,0,-0.222222222222222
"1220","A6C4QNQZ1QTUG","CONTROL","LD",1,1,-0.0833333333333334
"1221","A6C4QNQZ1QTUG","CONTROL","LD",1,2,-0.25
"1222","A6C4QNQZ1QTUG","CONTROL","LD",1,3,0.0833333333333332
"1223","A6C4QNQZ1QTUG","CONTROL","LD",2,0,1.57009245868377e-16
"1224","A6C4QNQZ1QTUG","CONTROL","LD",2,1,0
"1225","A6C4QNQZ1QTUG","CONTROL","LD",2,2,-0.333333333333333
"1226","A6C4QNQZ1QTUG","CONTROL","LD",2,3,0.464285714285714
"1230","AAICL10ND2YK3","CONTROL","HD",0,0,0.0666666666666667
"1231","AAICL10ND2YK3","CONTROL","HD",0,1,0.333333333333333
"1232","AAICL10ND2YK3","CONTROL","HD",0,2,0
"1233","AAICL10ND2YK3","CONTROL","HD",0,3,0.166666666666667
"1234","AAICL10ND2YK3","CONTROL","HD",1,0,-0.166666666666667
"1235","AAICL10ND2YK3","CONTROL","HD",1,1,-0.0444444444444446
"1236","AAICL10ND2YK3","CONTROL","HD",1,2,-0.0625000000000002
"1237","AAICL10ND2YK3","CONTROL","HD",1,3,0.166666666666667
"1238","AAICL10ND2YK3","CONTROL","HD",2,0,0.285714285714286
"1239","AAICL10ND2YK3","CONTROL","HD",2,1,-0.5
"1240","AAICL10ND2YK3","CONTROL","HD",2,2,3.14018491736755e-16
"1241","AAICL10ND2YK3","CONTROL","HD",2,3,3.14018491736755e-16
"1245","ACP5OSFS4WW3Y","CONTROL","HD",0,0,0.1
"1246","ACP5OSFS4WW3Y","CONTROL","HD",0,1,0.125
"1247","ACP5OSFS4WW3Y","CONTROL","HD",0,2,0.133333333333333
"1248","ACP5OSFS4WW3Y","CONTROL","HD",0,3,0.25
"1249","ACP5OSFS4WW3Y","CONTROL","HD",1,0,-1.86448479468698e-16
"1250","ACP5OSFS4WW3Y","CONTROL","HD",1,1,0
"1251","ACP5OSFS4WW3Y","CONTROL","HD",1,2,-0.0952380952380954
"1252","ACP5OSFS4WW3Y","CONTROL","HD",1,3,-0.0375000000000001
"1253","ACP5OSFS4WW3Y","CONTROL","HD",2,0,NA
"1254","ACP5OSFS4WW3Y","CONTROL","HD",2,1,-0.333333333333333
"1255","ACP5OSFS4WW3Y","CONTROL","HD",2,2,3.14018491736755e-16
"1256","ACP5OSFS4WW3Y","CONTROL","HD",2,3,3.14018491736755e-16
"1261","AD1DGG7ZDRAIT","TRAIN","HD",0,0,-0.142857142857143
"1262","AD1DGG7ZDRAIT","TRAIN","HD",0,1,-0.2
"1263","AD1DGG7ZDRAIT","TRAIN","HD",0,2,-0.166666666666667
"1264","AD1DGG7ZDRAIT","TRAIN","HD",0,3,0.166666666666667
"1265","AD1DGG7ZDRAIT","TRAIN","HD",1,0,-0.0500000000000002
"1266","AD1DGG7ZDRAIT","TRAIN","HD",1,1,-0.0714285714285716
"1267","AD1DGG7ZDRAIT","TRAIN","HD",1,2,0.111111111111111
"1268","AD1DGG7ZDRAIT","TRAIN","HD",1,3,-0.0833333333333334
"1269","AD1DGG7ZDRAIT","TRAIN","HD",2,0,0.25
"1270","AD1DGG7ZDRAIT","TRAIN","HD",2,1,3.14018491736755e-16
"1271","AD1DGG7ZDRAIT","TRAIN","HD",2,2,3.14018491736755e-16
"1272","AD1DGG7ZDRAIT","TRAIN","HD",2,3,-0.5
"1276","ADFUAA2FYBF7N","TRAIN","LD",0,0,-0.25
"1277","ADFUAA2FYBF7N","TRAIN","LD",0,1,0
"1278","ADFUAA2FYBF7N","TRAIN","LD",0,2,0.2
"1279","ADFUAA2FYBF7N","TRAIN","LD",0,3,-0.75
"1280","ADFUAA2FYBF7N","TRAIN","LD",1,0,0.166666666666667
"1281","ADFUAA2FYBF7N","TRAIN","LD",1,1,0.15
"1282","ADFUAA2FYBF7N","TRAIN","LD",1,2,-1.17756934401283e-16
"1283","ADFUAA2FYBF7N","TRAIN","LD",1,3,0.0285714285714284
"1284","ADFUAA2FYBF7N","TRAIN","LD",2,0,0.25
"1285","ADFUAA2FYBF7N","TRAIN","LD",2,1,0.2
"1286","ADFUAA2FYBF7N","TRAIN","LD",2,2,0.2
"1287","ADFUAA2FYBF7N","TRAIN","LD",2,3,0.25
"1291","AEJ9YVMG4D8KV","TRAIN","HD",0,0,-0.375
"1292","AEJ9YVMG4D8KV","TRAIN","HD",0,1,-1.96261557335472e-16
"1293","AEJ9YVMG4D8KV","TRAIN","HD",0,2,0.25
"1294","AEJ9YVMG4D8KV","TRAIN","HD",0,3,-0.0833333333333333
"1295","AEJ9YVMG4D8KV","TRAIN","HD",1,0,0.104166666666667
"1296","AEJ9YVMG4D8KV","TRAIN","HD",1,1,0.277777777777778
"1297","AEJ9YVMG4D8KV","TRAIN","HD",1,2,-1.17756934401283e-16
"1298","AEJ9YVMG4D8KV","TRAIN","HD",1,3,-0.188888888888889
"1299","AEJ9YVMG4D8KV","TRAIN","HD",2,0,-0.333333333333333
"1300","AEJ9YVMG4D8KV","TRAIN","HD",2,1,3.14018491736755e-16
"1301","AEJ9YVMG4D8KV","TRAIN","HD",2,2,3.14018491736755e-16
"1302","AEJ9YVMG4D8KV","TRAIN","HD",2,3,0.666666666666667
"1307","AFMV8UA5U6AGX","CONTROL","HD",0,0,-7.85046229341888e-17
"1308","AFMV8UA5U6AGX","CONTROL","HD",0,1,0.25
"1309","AFMV8UA5U6AGX","CONTROL","HD",0,2,0.166666666666667
"1310","AFMV8UA5U6AGX","CONTROL","HD",0,3,-0.125
"1311","AFMV8UA5U6AGX","CONTROL","HD",1,0,0.111111111111111
"1312","AFMV8UA5U6AGX","CONTROL","HD",1,1,0.0624999999999998
"1313","AFMV8UA5U6AGX","CONTROL","HD",1,2,0.0555555555555555
"1314","AFMV8UA5U6AGX","CONTROL","HD",1,3,0.125
"1315","AFMV8UA5U6AGX","CONTROL","HD",2,0,-0.0666666666666667
"1316","AFMV8UA5U6AGX","CONTROL","HD",2,1,3.14018491736755e-16
"1317","AFMV8UA5U6AGX","CONTROL","HD",2,2,3.14018491736755e-16
"1318","AFMV8UA5U6AGX","CONTROL","HD",2,3,-0.2
"1323","AHLDDQE9TB76O","CONTROL","LD",0,0,-0.166666666666667
"1324","AHLDDQE9TB76O","CONTROL","LD",0,1,0
"1325","AHLDDQE9TB76O","CONTROL","LD",0,2,-0.25
"1326","AHLDDQE9TB76O","CONTROL","LD",0,3,-0.0500000000000001
"1327","AHLDDQE9TB76O","CONTROL","LD",1,0,0.166666666666667
"1328","AHLDDQE9TB76O","CONTROL","LD",1,1,-0.0833333333333335
"1329","AHLDDQE9TB76O","CONTROL","LD",1,2,0.2125
"1330","AHLDDQE9TB76O","CONTROL","LD",1,3,0.0571428571428571
"1331","AHLDDQE9TB76O","CONTROL","LD",2,0,0.233333333333333
"1332","AHLDDQE9TB76O","CONTROL","LD",2,1,-0.25
"1333","AHLDDQE9TB76O","CONTROL","LD",2,2,3.14018491736755e-16
"1334","AHLDDQE9TB76O","CONTROL","LD",2,3,3.14018491736755e-16
"1337","AHV4U78TUUDKI","TRAIN","HD",0,0,0.333333333333333
"1338","AHV4U78TUUDKI","TRAIN","HD",0,1,0.3
"1339","AHV4U78TUUDKI","TRAIN","HD",0,2,0.0249999999999999
"1340","AHV4U78TUUDKI","TRAIN","HD",0,3,0.125
"1341","AHV4U78TUUDKI","TRAIN","HD",1,0,0.25
"1342","AHV4U78TUUDKI","TRAIN","HD",1,1,0.0714285714285713
"1343","AHV4U78TUUDKI","TRAIN","HD",1,2,-1.3738309013483e-16
"1344","AHV4U78TUUDKI","TRAIN","HD",1,3,0.1875
"1345","AHV4U78TUUDKI","TRAIN","HD",2,0,3.14018491736755e-16
"1346","AHV4U78TUUDKI","TRAIN","HD",2,1,-0.2
"1347","AHV4U78TUUDKI","TRAIN","HD",2,2,0.4
"1348","AHV4U78TUUDKI","TRAIN","HD",2,3,1.57009245868377e-16
"1353","AIH0MIKKKAGYN","TRAIN","LD",0,0,0.25
"1354","AIH0MIKKKAGYN","TRAIN","LD",0,1,-0.2
"1355","AIH0MIKKKAGYN","TRAIN","LD",0,2,-1.92296268638356e-16
"1356","AIH0MIKKKAGYN","TRAIN","LD",0,3,-0.166666666666667
"1357","AIH0MIKKKAGYN","TRAIN","LD",1,0,-0.0625
"1358","AIH0MIKKKAGYN","TRAIN","LD",1,1,-0.357142857142857
"1359","AIH0MIKKKAGYN","TRAIN","LD",1,2,-8.83177008009624e-17
"1360","AIH0MIKKKAGYN","TRAIN","LD",1,3,0.166666666666667
"1361","AIH0MIKKKAGYN","TRAIN","LD",2,0,3.14018491736755e-16
"1362","AIH0MIKKKAGYN","TRAIN","LD",2,1,-0.125
"1363","AIH0MIKKKAGYN","TRAIN","LD",2,2,0.333333333333333
"1364","AIH0MIKKKAGYN","TRAIN","LD",2,3,-0.0666666666666667
"1368","AND6DQZ62U6VV","TRAIN","LD",0,0,7.85046229341887e-17
"1369","AND6DQZ62U6VV","TRAIN","LD",0,1,-0.4
"1370","AND6DQZ62U6VV","TRAIN","LD",0,2,0.25
"1371","AND6DQZ62U6VV","TRAIN","LD",0,3,0
"1372","AND6DQZ62U6VV","TRAIN","LD",1,0,-1.57009245868378e-16
"1373","AND6DQZ62U6VV","TRAIN","LD",1,1,-0.023809523809524
"1374","AND6DQZ62U6VV","TRAIN","LD",1,2,0.0625
"1375","AND6DQZ62U6VV","TRAIN","LD",1,3,0.0833333333333332
"1376","AND6DQZ62U6VV","TRAIN","LD",2,0,-0.166666666666667
"1377","AND6DQZ62U6VV","TRAIN","LD",2,1,1.57009245868377e-16
"1378","AND6DQZ62U6VV","TRAIN","LD",2,2,-0.266666666666667
"1379","AND6DQZ62U6VV","TRAIN","LD",2,3,0.5
"1384","ANQ1L4JGRLPQ9","CONTROL","LD",0,0,0.2
"1385","ANQ1L4JGRLPQ9","CONTROL","LD",0,1,-0.125
"1386","ANQ1L4JGRLPQ9","CONTROL","LD",0,2,0.3
"1387","ANQ1L4JGRLPQ9","CONTROL","LD",0,3,0.125
"1388","ANQ1L4JGRLPQ9","CONTROL","LD",1,0,0.0714285714285713
"1389","ANQ1L4JGRLPQ9","CONTROL","LD",1,1,0
"1390","ANQ1L4JGRLPQ9","CONTROL","LD",1,2,-0.107142857142857
"1391","ANQ1L4JGRLPQ9","CONTROL","LD",1,3,0.208333333333333
"1392","ANQ1L4JGRLPQ9","CONTROL","LD",2,0,0.0500000000000002
"1393","ANQ1L4JGRLPQ9","CONTROL","LD",2,1,-0.333333333333333
"1394","ANQ1L4JGRLPQ9","CONTROL","LD",2,2,0.333333333333333
"1395","ANQ1L4JGRLPQ9","CONTROL","LD",2,3,0.25
"1399","AO5WJXJED5LQO","CONTROL","HD",0,0,-0.375
"1400","AO5WJXJED5LQO","CONTROL","HD",0,1,0
"1401","AO5WJXJED5LQO","CONTROL","HD",0,2,0.2
"1402","AO5WJXJED5LQO","CONTROL","HD",0,3,0
"1403","AO5WJXJED5LQO","CONTROL","HD",1,0,0.0499999999999999
"1404","AO5WJXJED5LQO","CONTROL","HD",1,1,0.0624999999999999
"1405","AO5WJXJED5LQO","CONTROL","HD",1,2,-0.0357142857142858
"1406","AO5WJXJED5LQO","CONTROL","HD",1,3,0.111111111111111
"1407","AO5WJXJED5LQO","CONTROL","HD",2,0,0.0500000000000002
"1408","AO5WJXJED5LQO","CONTROL","HD",2,1,3.14018491736755e-16
"1409","AO5WJXJED5LQO","CONTROL","HD",2,2,0.166666666666667
"1410","AO5WJXJED5LQO","CONTROL","HD",2,3,3.14018491736755e-16
"1414","AO7FM98CP90CL","TRAIN","HD",0,0,0.3
"1415","AO7FM98CP90CL","TRAIN","HD",0,1,0.05
"1416","AO7FM98CP90CL","TRAIN","HD",0,2,-0.142857142857143
"1417","AO7FM98CP90CL","TRAIN","HD",0,3,-0.2
"1418","AO7FM98CP90CL","TRAIN","HD",1,0,0.119047619047619
"1419","AO7FM98CP90CL","TRAIN","HD",1,1,0.0857142857142856
"1420","AO7FM98CP90CL","TRAIN","HD",1,2,-0.0333333333333334
"1421","AO7FM98CP90CL","TRAIN","HD",1,3,-0.285714285714286
"1422","AO7FM98CP90CL","TRAIN","HD",2,0,0.75
"1423","AO7FM98CP90CL","TRAIN","HD",2,1,0.666666666666667
"1424","AO7FM98CP90CL","TRAIN","HD",2,2,-0.333333333333333
"1425","AO7FM98CP90CL","TRAIN","HD",2,3,0.333333333333333
"1430","AOIK8K4X34LGR","TRAIN","HD",0,0,0.166666666666667
"1431","AOIK8K4X34LGR","TRAIN","HD",0,1,-0.0666666666666667
"1432","AOIK8K4X34LGR","TRAIN","HD",0,2,-0.266666666666667
"1433","AOIK8K4X34LGR","TRAIN","HD",0,3,-0.15
"1434","AOIK8K4X34LGR","TRAIN","HD",1,0,-0.125
"1435","AOIK8K4X34LGR","TRAIN","HD",1,1,-1.3738309013483e-16
"1436","AOIK8K4X34LGR","TRAIN","HD",1,2,-1.17756934401283e-16
"1437","AOIK8K4X34LGR","TRAIN","HD",1,3,0.0714285714285713
"1438","AOIK8K4X34LGR","TRAIN","HD",2,0,3.14018491736755e-16
"1439","AOIK8K4X34LGR","TRAIN","HD",2,1,3.14018491736755e-16
"1440","AOIK8K4X34LGR","TRAIN","HD",2,2,-0.111111111111111
"1441","AOIK8K4X34LGR","TRAIN","HD",2,3,3.14018491736755e-16
"1444","APGX2WZ59OWDN","CONTROL","HD",0,0,NA
"1445","APGX2WZ59OWDN","CONTROL","HD",0,1,0.333333333333333
"1446","APGX2WZ59OWDN","CONTROL","HD",0,2,0.25
"1447","APGX2WZ59OWDN","CONTROL","HD",0,3,0.125
"1448","APGX2WZ59OWDN","CONTROL","HD",1,0,0.185714285714286
"1449","APGX2WZ59OWDN","CONTROL","HD",1,1,-9.8130778667736e-17
"1450","APGX2WZ59OWDN","CONTROL","HD",1,2,0.0499999999999999
"1451","APGX2WZ59OWDN","CONTROL","HD",1,3,0.1875
"1452","APGX2WZ59OWDN","CONTROL","HD",2,0,-0.2
"1453","APGX2WZ59OWDN","CONTROL","HD",2,1,-0.2
"1454","APGX2WZ59OWDN","CONTROL","HD",2,2,0.5
"1455","APGX2WZ59OWDN","CONTROL","HD",2,3,0.25
"1458","ATFGMWXTU004O","CONTROL","LD",0,0,0.166666666666667
"1459","ATFGMWXTU004O","CONTROL","LD",0,1,0.333333333333333
"1460","ATFGMWXTU004O","CONTROL","LD",0,2,0.3
"1461","ATFGMWXTU004O","CONTROL","LD",0,3,0
"1462","ATFGMWXTU004O","CONTROL","LD",1,0,-0.166666666666667
"1463","ATFGMWXTU004O","CONTROL","LD",1,1,0.111111111111111
"1464","ATFGMWXTU004O","CONTROL","LD",1,2,0.130952380952381
"1465","ATFGMWXTU004O","CONTROL","LD",1,3,-0.119047619047619
"1466","ATFGMWXTU004O","CONTROL","LD",2,0,0.666666666666667
"1467","ATFGMWXTU004O","CONTROL","LD",2,1,0.666666666666667
"1468","ATFGMWXTU004O","CONTROL","LD",2,2,0.6
"1469","ATFGMWXTU004O","CONTROL","LD",2,3,0.5
"1474","ATIA4HLCNE4RI","CONTROL","HD",0,0,0.4
"1475","ATIA4HLCNE4RI","CONTROL","HD",0,1,0.166666666666667
"1476","ATIA4HLCNE4RI","CONTROL","HD",0,2,-0.0500000000000001
"1477","ATIA4HLCNE4RI","CONTROL","HD",0,3,0.0999999999999999
"1478","ATIA4HLCNE4RI","CONTROL","HD",1,0,-0.0714285714285717
"1479","ATIA4HLCNE4RI","CONTROL","HD",1,1,0.0555555555555554
"1480","ATIA4HLCNE4RI","CONTROL","HD",1,2,0.285714285714286
"1481","ATIA4HLCNE4RI","CONTROL","HD",1,3,-1.66822323735151e-16
"1482","ATIA4HLCNE4RI","CONTROL","HD",2,0,3.14018491736755e-16
"1483","ATIA4HLCNE4RI","CONTROL","HD",2,1,0.0833333333333336
"1484","ATIA4HLCNE4RI","CONTROL","HD",2,2,3.14018491736755e-16
"1485","ATIA4HLCNE4RI","CONTROL","HD",2,3,3.14018491736755e-16
"1490","AUA0HE293PM30","TRAIN","LD",0,0,-0.2
"1491","AUA0HE293PM30","TRAIN","LD",0,1,0.25
"1492","AUA0HE293PM30","TRAIN","LD",0,2,0
"1493","AUA0HE293PM30","TRAIN","LD",0,3,-0.4
"1494","AUA0HE293PM30","TRAIN","LD",1,0,-0.157142857142857
"1495","AUA0HE293PM30","TRAIN","LD",1,1,0.166666666666667
"1496","AUA0HE293PM30","TRAIN","LD",1,2,0.125
"1497","AUA0HE293PM30","TRAIN","LD",1,3,-0.0142857142857143
"1498","AUA0HE293PM30","TRAIN","LD",2,0,3.14018491736755e-16
"1499","AUA0HE293PM30","TRAIN","LD",2,1,0.5
"1500","AUA0HE293PM30","TRAIN","LD",2,2,0.571428571428571
"1501","AUA0HE293PM30","TRAIN","LD",2,3,0
"1505","AWVIOLZUKBNVU","TRAIN","LD",0,0,-7.85046229341888e-17
"1506","AWVIOLZUKBNVU","TRAIN","LD",0,1,0.0333333333333331
"1507","AWVIOLZUKBNVU","TRAIN","LD",0,2,-0.1
"1508","AWVIOLZUKBNVU","TRAIN","LD",0,3,-0.416666666666667
"1509","AWVIOLZUKBNVU","TRAIN","LD",1,0,0.111111111111111
"1510","AWVIOLZUKBNVU","TRAIN","LD",1,1,-0.0952380952380955
"1511","AWVIOLZUKBNVU","TRAIN","LD",1,2,0.0178571428571428
"1512","AWVIOLZUKBNVU","TRAIN","LD",1,3,0.125
"1513","AWVIOLZUKBNVU","TRAIN","LD",2,0,-0.285714285714286
"1514","AWVIOLZUKBNVU","TRAIN","LD",2,1,1.57009245868377e-16
"1515","AWVIOLZUKBNVU","TRAIN","LD",2,2,1.57009245868377e-16
"1516","AWVIOLZUKBNVU","TRAIN","LD",2,3,-0.5
"1521","AXTXSH6HVG0H0","CONTROL","LD",0,0,-0.0500000000000001
"1522","AXTXSH6HVG0H0","CONTROL","LD",0,1,0.25
"1523","AXTXSH6HVG0H0","CONTROL","LD",0,2,0.4
"1524","AXTXSH6HVG0H0","CONTROL","LD",0,3,0.25
"1525","AXTXSH6HVG0H0","CONTROL","LD",1,0,-0.142857142857143
"1526","AXTXSH6HVG0H0","CONTROL","LD",1,1,0.125
"1527","AXTXSH6HVG0H0","CONTROL","LD",1,2,-0.0142857142857144
"1528","AXTXSH6HVG0H0","CONTROL","LD",1,3,0.0624999999999999
"1529","AXTXSH6HVG0H0","CONTROL","LD",2,0,-0.333333333333333
"1530","AXTXSH6HVG0H0","CONTROL","LD",2,1,-0.166666666666667
"1531","AXTXSH6HVG0H0","CONTROL","LD",2,2,-1
"1532","AXTXSH6HVG0H0","CONTROL","LD",2,3,0.166666666666667
"1537","AYEA5AKLJFSKT","TRAIN","HD",0,0,0.2
"1538","AYEA5AKLJFSKT","TRAIN","HD",0,1,0.25
"1539","AYEA5AKLJFSKT","TRAIN","HD",0,2,0.5
"1540","AYEA5AKLJFSKT","TRAIN","HD",0,3,0.1
"1541","AYEA5AKLJFSKT","TRAIN","HD",1,0,0.0714285714285713
"1542","AYEA5AKLJFSKT","TRAIN","HD",1,1,-0.0666666666666668
"1543","AYEA5AKLJFSKT","TRAIN","HD",1,2,0.0454545454545452
"1544","AYEA5AKLJFSKT","TRAIN","HD",1,3,-0.178571428571429
"1545","AYEA5AKLJFSKT","TRAIN","HD",2,0,3.14018491736755e-16
"1546","AYEA5AKLJFSKT","TRAIN","HD",2,1,3.14018491736755e-16
"1547","AYEA5AKLJFSKT","TRAIN","HD",2,2,3.14018491736755e-16
"1548","AYEA5AKLJFSKT","TRAIN","HD",2,3,3.14018491736755e-16
